:020000040800F2
:10000000C80A00200101000869100008BD0D0008A1
:1000100065100008ED0800085723000800000000E4
:10002000000000000000000000000000B117000800
:10003000DD0A00080000000079160008211A0008F7
:100040001B0100081B0100081B0100081B01000820
:100050001B0100081B0100081B0100083D0B0008E4
:100060001B0100081B0100081B0100081B01000800
:100070001B0100081B0100081B0100081B010008F0
:100080001B0100081B0100081B0100081B010008E0
:100090001B0100081B0100081B0100081B010008D0
:1000A0001B0100081B0100081B0100081B010008C0
:1000B000851A00081B010008BD1A00081B01000872
:1000C0001B0100081B0100081B0100081B010008A0
:1000D0001B010008ED1E00085D20000845210008F6
:1000E0001B0100081B0100081B010008DFF80CD0F1
:1000F00000F0EAFB00480047393C0008C80A00202D
:100100000648804706480047FEE7FEE7FEE7FEE7B1
:10011000FEE7FEE7FEE7FEE7FEE7FEE7251A00083A
:10012000ED0000080649074A0868504343F23902C7
:10013000104408604008704701490860704700009B
:10014000A00000206D4EC641D2B201E000F8012BA4
:10015000491EFBD270470022F6E710B513460A4647
:1001600004461946FFF7F0FF204610BDF0B480EAC0
:100170000102D40F4200B2EB410F02D20246084600
:1001800011464A0042D0C30DDDB2C1F3C752AD1AC9
:10019000202D35DAC1F3160141F4000204B15242B8
:1001A000C5F1200602FA06F12A411044B3EBD05FF4
:1001B00023D0C4B1012DA0EBC35009DCF0BC4FF03B
:1001C000004202EAC352DBB200F5000000F0D9BAE7
:1001D000400000F1807000EBC350A0F1807040EA55
:1001E000D170490009E0490841EAC071A0EBC35051
:1001F00000F50000400800EBC350F0BC00F0B8BAB6
:100200006142012202EB4101001BF6E7F0BC70479E
:1002100081F00041AAE780F00040A7E780EA0102F0
:1002200010B502F00043400022D04A001FD0010E5A
:1002300001EB1261C0F35600C2F3560240F4000015
:1002400042F40002A0FB022000047F39140400D015
:10025000401C50EA124001D44000491EC2B20C06B4
:1002600004EBD010401C4008802A02D003E000209C
:1002700010BD20F00100002900DA0020184310BD55
:1002800030B480EA010202F0004530F0004221F073
:10029000004013D090B1C30DD40DC2F31601C0F3CA
:1002A0001600E41A41F4000140F400027D3491424A
:1002B00001D3641C00E04900002C02DA30BC0020AD
:1002C00070474FF400000023914201D3891A034381
:1002D00040084FEA4101F7D151B1914202D14FF0AC
:1002E000004105E002D24FF0010101E06FF0010191
:1002F00003EBC450284430BC00F03ABA2DE9FE4F5D
:10030000804681EA0300C00F0C46009021F00041B6
:1003100023F00045B8EB0200A94105D24046214632
:1003200090461C460B46024623F00040104347D03F
:10033000270DC7F30A00C3F30A510290401A019037
:1003400040286BDAC3F3130040F4801B00989246F8
:1003500020B10023D2EB030A63EB0B0B0198594643
:10036000C0F14002504600F0D2F906460D46504614
:100370005946019A00F0EAF910EB080061410024A7
:1003800087EA115284EAE7731A4340D0009A62B3B5
:10039000019A012A4FEA075215DC001B61EB0201AA
:1003A0004FF0004202EA0752CDE90042001C41F53D
:1003B000801132462B4600F021FA03B0BDE8F08FE1
:1003C00040462146F9E7001B61EB0201001C41F5A4
:1003D000801300185B412018A2F5001747EB0301BA
:1003E00040EAD570B6196D4111E06D084FEA360646
:1003F00045EAC0754FEA0752001B61EB0201001C81
:1004000041F5801149084FEA300000195141324648
:100410002B4603B0BDE8F04F00F0E1B9009801228F
:1004200040000023D0EB020263EBE073009821460A
:100430004FEAE074B8EB000061EB0401E9E783F0F8
:1004400000435BE781F0004158E72DE9FE4F81EA68
:10045000030404F0004421F0004100944FF0000B2D
:1004600023F0004350EA01045ED052EA03045BD05B
:10047000C3F30A54C1F30A552C44A4F2F334019493
:10048000A0FB0254C1F3130141F48011C3F3130321
:1004900043F4801301FB024400FB034E840A970AD5
:1004A00044EA815447EA8357A4FB076802958D0A02
:1004B00005FB07854FEA932C04FB0C542705029D8E
:1004C0004FEA065847EA1637B5EB08056EEB070CFE
:1004D000870E920E47EA811742EA8312A7FB0201B8
:1004E000B6EB0B0164EB00042B0D43EA0C335E18F2
:1004F00044EB1C50DA465146E7FB0201C5F31304F6
:100500004FEA0B3343EA14534FEA0432019C43EAA7
:100510000603A4F10C040294009CCDE900B400F0A1
:100520006DF903B0BDE8F08F00200146F9E72DE931
:10053000F04D81EA030404F0004B21F0004514461D
:100540004FF0000A23F0004150EA050220D054EA9F
:1005500001021DD0C5F30A570246C5F31303C1F3C8
:100560001300C1F30A5640F4801543F48013A7EB3F
:100570000608101BD64608F2FD3873EB050002D3BF
:1005800008F1010801E092185B41B8F1000F03DAAD
:1005900000200146BDE8F08D00204FF48011064692
:1005A00084460EE0171B73EB050705D3121B63EBA4
:1005B000050306434CEA010C49084FEA3000921843
:1005C0005B4150EA0107EDD152EA030012D082EA02
:1005D000040083EA0501084305D0101BAB4106D295
:1005E0000122002306E000224FF0004302E06FF0FA
:1005F000010253101AEB06004CEB085110EB0A00F5
:1006000041EB0B01BDE8F04D00F0E9B8C10F80EA05
:10061000E0700844CA079623002100F0B2B8962380
:100620000022114600F0ADB820F00040C10DC0F32B
:10063000160040F400007F2901DA00207047962957
:1006400003DCC1F19601C840704796398840704775
:1006500030B5041E71F1000404DB4FF00044404249
:1006600064EB0101141E73F1000405DB1C464FF01E
:100670000043524263EB0403994208BF904230BDED
:1006800030B50B46014600202022012409E021FA62
:1006900002F59D4205D303FA02F5491B04FA02F55F
:1006A0002844151EA2F10102F1DC30BD2DE9F05FF6
:1006B0000546002092469B468846064681464024D1
:1006C0001BE0284641464746224600F02FF8534695
:1006D0005A46C01A914110D311461846224600F0DE
:1006E00016F82D1A67EB01084F462246012000211B
:1006F00000F00DF817EB00094E41201EA4F1010493
:10070000DFDC484631462A464346BDE8F09F202AB2
:1007100004DB203A00FA02F1002070479140C2F158
:10072000200320FA03F3194390407047202A04DB8A
:10073000203A21FA02F00021704721FA02F3D0405A
:10074000C2F120029140084319467047202A06DB77
:10075000CB17203A41FA02F043EAE07306E041FA8F
:1007600002F3D040C2F1200291400843194670477D
:100770000029A8BF7047401C490008BF20F00100B5
:10078000704710B4B0FA80FC00FA0CF050EA010493
:1007900004BF10BC704749B1CCF1200421FA04F425
:1007A00011FA0CF118BF012121430843A3EB0C01FE
:1007B000CB1D4FEA00614FEA102042BF002010BC61
:1007C000704700EBC35010440029A4BF10BC704711
:1007D000401C490008BF20F0010010BC704710B554
:1007E000141E73F1000408DA401C41F10001921854
:1007F0005B411A4301D120F0010010BD2DE9F04DFD
:1008000092469B4611B1B1FA81F202E0B0FA80F251
:1008100020329046FFF77BFF04460F4640EA0A006D
:1008200041EA0B0153465A46084313D0114653EA96
:10083000010019D0C8F140025046FFF777FF054686
:100840000E46504659464246FFF761FF084305D021
:10085000012004E020463946BDE8F08D0020054324
:1008600046EAE0762C4337430A986305E40AA0EB96
:1008700008000022FD0A44EA47540A3002D500204D
:100880000146E9E7010510196941DDE9084500194C
:100890006941BDE8F04DA2E7C1F30A52C1F313016B
:1008A00040F2FF3341F480119A4202DA00200146FF
:1008B000704740F233439A42A2F2334202DC524282
:1008C000FFF734BFFFF723BF064C074D06E0E06893
:1008D00040F0010394E8070098471034AC42F6D387
:1008E000FFF708FCACFA0008CCFA000800BFFEE7EE
:1008F00000F0805111B10349086001E002494860ED
:1009000070470000040402400000024021B1026868
:1009100042F00102026004E002684FF6FE731A40E2
:100920000260704701684FF6FE72114001600021BD
:10093000016041608160C1604B49884208D14A49E9
:100940000839496841F00F01474A083A51608AE086
:1009500045491431884208D143490839496841F072
:10096000F001414A083A51607DE03F492831884210
:1009700008D13D490839496841F470613A4A083A5A
:10098000516070E038493C31884208D13649083915
:10099000496841F47041344A083A516063E0324991
:1009A0005031884208D130490839496841F47021F2
:1009B0002D4A083A516056E02B496431884208D1EB
:1009C00029490839496841F47001274A083A5160B9
:1009D00049E025497831884208D1234908394968D6
:1009E00041F07061204A083A51603CE01F4988425A
:1009F00006D1011F096841F00F01021F116032E0AA
:100A00001A491431884208D11849091F096841F070
:100A1000F001164A121F116025E01449283188425E
:100A200008D11249091F096841F470610F4A121F69
:100A3000116018E00D493C31884208D10B49091F6B
:100A4000096841F47041094A121F11600BE007491F
:100A50005031884207D10549091F096841F47021C6
:100A6000024A121F11607047080002400804024049
:100A700001460020002201F0805313B1054B1A6893
:100A800001E0054B1A6802EA01030BB1012000E006
:100A900000207047000402400000024010B5002210
:100AA000026847F6F0739A430C6A8B6823430C691B
:100AB00023434C6923438C692343CC6923434C6A09
:100AC00023438C6A23431A430260CB6843600B685C
:100AD00083604B68C36010BD41607047704700B5CC
:100AE000034603E04FF47A7000F011F8181EA3F1EA
:100AF0000103F7D100BD10B5044603E04FF47A704E
:100B0000FFF7EDFF201EA4F10104F7D110BD00EBAB
:100B1000C001C9004FF0E02251610021916105211F
:100B2000116100BF4FF0E021096901F48031002913
:100B3000F8D004214FF0E0221161704710B5022077
:100B400000F010F828B1022000F006F80120014959
:100B5000087010BD91000020014908607047000036
:100B600014040140014600200022074B1B6803EAE1
:100B70000102054B14331B680B4013B10AB101206D
:100B800000E00020704700000004014000212349DC
:100B90008279002A3AD00A46126803689A430B46C3
:100BA0001A600A1D126803689A430B1D1A600279C5
:100BB00011440A6803681A430A60184A0832126826
:100BC00003689A43154B08331A601A1D12680368AC
:100BD0009A43124B0C331A604279102A0ED11A1F15
:100BE000126803681A430D4B08331A601A1D126805
:100BF00003681A43094B0C331A600DE00749427928
:100C000011440A6803681A430A6005E00279114436
:100C10000A6803689A430A607047000000040140B4
:100C200030B500228B071C0F0F2303FA04F20B4B85
:100C30008C1053F824309343084C8D1044F8253021
:100C400023468C1053F824308C07240F00FA04F448
:100C50002343024C8D1044F8253030BD080001407C
:100C60002DE9F04102460025002600200023002443
:100C7000002791F803C00CF00F0591F803C00CF0A9
:100C8000100CBCF1000F03D091F802C04CEA05052E
:100C900091F800C0BCF1000F31D0146800202BE0A7
:100CA0004FF0010C0CFA00F3B1F800C00CEA030697
:100CB0009E4220D183004FF00F0C0CFA03F7BC4387
:100CC00005FA03FC4CEA040491F803C0BCF1280FB8
:100CD00006D14FF0010C0CFA00FCC2F814C00AE077
:100CE00091F803C0BCF1480F05D14FF0010C0CFA8C
:100CF00000FCC2F810C0401C0828D1D31460B1F821
:100D000000C0BCF1FF0F34DD546800202EE000F17C
:100D1000080C4FF0010808FA0CF3B1F800C00CEA17
:100D200003069E4221D183004FF00F0C0CFA03F70B
:100D3000BC4305FA03FC4CEA040491F803C0BCF17F
:100D4000280F05D100F1080C08FA0CF8C2F814803D
:100D500091F803C0BCF1480F07D100F1080C4FF027
:100D6000010808FA0CF8C2F81080401C0828CED3FD
:100D70005460BDE8F0810246002093680B400BB13F
:100D8000012000E00020704702460020D3680B409D
:100D90000BB1012000E00020704741617047016104
:100DA00070474FF6FF710180022181700421C170EC
:100DB00070470AB1016100E04161704700BFFEE782
:100DC00010B50446012C16D11448007848B17020A3
:100DD0001349087000201149087012A001F0FAF8B8
:100DE0001BE035200E49087001200C49087012A044
:100DF00001F0F0F811E0022C0FD1FFF793F90D216B
:100E0000B0FBF1F201FB12001049085C04490870C4
:100E1000084601780EA001F0DDF810BD9A00002010
:100E2000950000205B4B65795D202D3E20736C653D
:100E300065700D0A000000005B4B65795D202D3E5A
:100E4000207374616E640D0A000000009CFA0008B3
:100E50005B4B65795D202D3E2072616E646F6D3A4B
:100E600025630D0A000000001FB50121052000F0D8
:100E700025FC4FF4A06000F031F948208DF80F00F8
:100E800003208DF80E000220ADF80C0003A91C48C9
:100E9000FFF7E6FE01210020FFF7C2FE02200190CD
:100EA00000208DF808000C208DF8090001208DF835
:100EB0000A0001A8FFF76AFE07208DF80000022053
:100EC0008DF8010000208DF8020001208DF803004C
:100ED000684600F0CBF800F021F80A49087008468F
:100EE00000780949087000F095FD08490860002065
:100EF0000749086007490870074908701FBD0000CE
:100F000000080140840000208500002088000020A7
:100F10008C000020900000209100002010B50221DC
:100F20000348FFF728FF08B9012010BD0020FCE7A7
:100F30000008014070B500F06DFD0446FFF7EEFFBC
:100F400005460026214800780020204908702048E6
:100F50000078854203D01E4805701E4804601D4875
:100F60000068201A142801D2002070BD1A480078A9
:100F7000854215D0184805702DB11848046000202E
:100F8000174908700CE01648007848B91348006803
:100F9000201AB0F5487F03D2012612A001F01AF8FA
:100FA0000D48007878B10E48007860B90B480068A9
:100FB000201AB0F5487F06D301200949087002269F
:100FC0000CA001F007F83046CFE7000091000020A8
:100FD0008400002088000020850000208C00002074
:100FE000900000205B4B65795D20636C69636B0D3D
:100FF0000A0000005B4B65795D206C6F6E670D0A1F
:101000000000000010B54FF400510848FFF7BCFE87
:1010100028B94FF400510548FFF7C1FE04E04FF432
:1010200000510248FFF7B9FE10BD0000001001405A
:1010300008B50121102000F041FB10208DF80300BD
:101040004002ADF8000003208DF802006946044814
:10105000FFF706FE4FF400510148FFF79EFE08BD62
:101060000010014000BFFEE77047000070B500218E
:1010700000230F22C47804B3154C246804F4E06400
:10108000C4F5E064210AC1F10403CA40447804FABB
:1010900003F184781440214309010E4C0678A155D0
:1010A000047804F01F050124AC4005786D11AD00F3
:1010B00005F1E025C5F8004109E0047804F01F05BA
:1010C0000124AC40044D0678761145F8264070BDE9
:1010D0000CED00E000E400E080E100E002490143A3
:1010E000024A1160704700000000FA050CED00E0B4
:1010F00000200CE0002106E00022064B03EBC013A9
:101100005A544A1CD1B28029F6DB421CD0B20828BE
:10111000F0DB7047A40000202DE9F04304460D46A3
:1011200016461F467F2C01DDBDE8F0833F2D00DD14
:10113000FAE7A119802902DDC4F18001CEB2E919D4
:10114000402902DDC5F14001CFB2284630E02346F8
:1011500029E04FEAE07C00EB5C7C4FEAEC0CDFF826
:101160005C8008EBCC1C1CF803C002464FEAE07818
:1011700000EB58784FEAE808A0EBC8094FF00108E7
:1011800008FA09F82CEA080C01464FEAE07800EB6F
:1011900058784FEAE808DFF8249009EBC81808F8F7
:1011A00003C0591CCBB2A1199942D2DC411CC8B270
:1011B000E9198142CBDC00BFB6E70000A4000020A3
:1011C00038B5002406E0002500E06D1CB5F57A7FF7
:1011D000FBD3641CB4F57A7FF5D30121082000F01D
:1011E0006DFA14208DF8030003208DF802004FF4EF
:1011F0008070ADF8000069460848FFF731FD4FF4F4
:101200000070ADF8000069460448FFF729FD012091
:1012100000F066F9012000F06FF938BD000C0140C4
:1012200070B50546002411E080212141294009B113
:10123000012100E00021084600F05EF9012000F0E5
:101240004FF9002000F04CF9601CC4B2082CEBDB15
:10125000012000F045F9002000F042F970BD10B502
:10126000012000F049F9012000F03AF9002000F0D7
:1012700043F9002000F034F910BD10B5002000F053
:101280003BF9012000F02CF9012000F035F910BDE8
:1012900010B5FFF795FFAE2000F03AF9D52000F029
:1012A00037F9802000F034F9A82000F031F93F2010
:1012B00000F02EF9D32000F02BF9002000F028F9DF
:1012C000402000F025F9A12000F022F9C82000F00C
:1012D0001FF9DA2000F01CF9122000F019F9812022
:1012E00000F016F9CF2000F013F9D92000F010F922
:1012F000F12000F00DF9DB2000F00AF9302000F0B9
:1013000007F9A42000F004F9A62000F001F98D20CF
:1013100000F0FEF8142000F0FBF8AF2000F0F8F821
:10132000FFF7E6FE00F0C8F810BD0000002011E055
:1013300000210BE0094A02EBC012525C82F0FF026E
:10134000064B03EBC0135A544A1CD1B28029F1DB7F
:10135000421CD0B20828EBDB70470000A40000203C
:1013600070B505460C46A01CC4B245F0B00000F0B4
:10137000CFF8102141EA141000F0CAF804F00F0071
:1013800000F0C6F870BD00002DE9F04707460C4696
:1013900090469946DDF820A07F2F01DDBDE8F0875B
:1013A0003F2C00DDFAE74B46424621463846FFF720
:1013B000B3FE002570E0002669E0B8197F2800DD43
:1013C00067E0E11704EB517105EBE101072900DD4E
:1013D000E4E72046E21704EB527205EBE202354BDC
:1013E00003EBC212BB19D25C2146E31704EB537323
:1013F000DB10A4EBC30305FB086C1AF80CC00CFA55
:1014000003FC42EA0C02E31704EB537305EBE3031E
:10141000DFF8A0C00CEBC31307EB060C03F80C209D
:10142000E11704EB517105EBE101491C072900DDCF
:101430002BE02046E21704EB527205EBE202521C4D
:101440001C4B03EBC212BB19D25C2146E31704EB21
:101450005373DB10A4EBC303C3F1080305FB086C53
:101460001AF80CC04CFA03FC42EA0C02E31704EB36
:10147000537305EBE3035B1CDFF838C00CEBC313BD
:1014800007EB060C03F80C2000BF701CC6B24645E3
:1014900093DB00BF681CC5B2A9F10100C11700EBC6
:1014A0005171012202EBE101A94284DC00F004F851
:1014B00000BF73E7A400002010B500240BE000215A
:1014C0002046FFF74DFF054901EBC410802100F0D5
:1014D0002FF8601CC4B2082CF1DB10BDA400002062
:1014E00010B5044622464FF480710248FFF761FCB4
:1014F00010BD0000000C014010B5044622464FF418
:1015000000710248FFF755FC10BD0000000C0140BF
:1015100010B50446FFF7A3FE7820FFF781FE0020F8
:10152000FFF77EFE2046FFF77BFEFFF7A6FE10BD0D
:1015300070B505460E46FFF792FE7820FFF770FE65
:101540004020FFF76DFE002404E0285DFFF768FEF1
:10155000601CC4B2B442F8DBFFF78FFE70BD000020
:1015600000B589B00121022000F098F80121042083
:1015700000F0A4F80121082000F0A0F818208DF850
:101580002300C020ADF8200003208DF8220008A918
:101590002248FFF765FB0320ADF8200008A920488A
:1015A000FFF75EFB1F4800F0DFFA0020ADF81A00DD
:1015B000ADF8160044F61F60ADF818004720ADF8EE
:1015C000140000208DF81C0005A9164800F01EFC30
:1015D00001A800F005FC6020ADF804000020ADF883
:1015E0000C000120ADF806000020ADF80A0001A9AA
:1015F0000C4800F015FB01A90A4800F063FB01A9A3
:10160000084800F0B7FA01A9064800F0ABFB012139
:10161000044800F06DFA09B000BD00000008014068
:10162000000C01400004004010B504462146024869
:1016300000F0E0FB10BD00000004004010B50446BF
:101640002146024800F0D8FB10BD00000004004015
:1016500010B504462146024800F0D0FB10BD000042
:101660000004004010B504462146024800F0C8FBC3
:1016700010BD0000000400407047000029B1064A78
:1016800052690243044B5A6104E0034A526982439F
:10169000014B5A61704700000010024029B1064A10
:1016A000D2690243044BDA6104E0034AD2698243FF
:1016B000014BDA61704700000010024029B1064A70
:1016C00092690243044B9A6104E0034A926982439F
:1016D000014B9A61704700000010024030B50021B4
:1016E0000022002400232D4D6D6805F00C0121B16E
:1016F000042905D0082923D105E0294D056022E001
:10170000274D05601FE0254D6D6805F47012234DCF
:101710006D6805F48034022505EB92421CB9214D19
:10172000554305600BE01D4D6D6805F400351DB196
:101730001C4D5543056002E0194D5543056002E01C
:10174000174D056000BF00BF144D6D6805F0F00136
:101750000909154D6B5C0568DD4045600F4D6D68EE
:1017600005F4E061090A104D6B5C4568DD40856059
:101770000A4D6D6805F46051C90A0B4D6B5C4568F4
:10178000DD40C560054D6D6805F44041890B074D8E
:101790006B5CC568B5FBF3F5056130BD0010024018
:1017A00000127A0000093D00000000201000002017
:1017B0007047000010B5064800F0AFF9A0F5FA70C8
:1017C000B42148434FF4FA6190FBF1F0C0B210BD70
:1017D0000004004010B5064800F0A2F9A0F5FA7028
:1017E000B42148434FF4FA6190FBF1F0C0B210BD50
:1017F0000004004010B5064800F095F9A0F5FA7015
:10180000B42148434FF4FA6190FBF1F0C0B210BD2F
:101810000004004010B5064800F088F9A0F5FA7001
:10182000B42148434FF4FA6190FBF1F0C0B210BD0F
:101830000004004010B5FFF793FE10BD2DE9F04104
:1018400004460A492046FEF71BFD80460849FEF77C
:10185000E5FC07460749FEF789FC0646FEF7E4FE6D
:1018600085B22846FFF7E0FEBDE8F0810000344372
:101870000000FA440000FA432DE9F04104460A4909
:101880002046FEF7FDFC80460849FEF7C7FC0746E8
:101890000749FEF76BFC0646FEF7C6FE85B22846F2
:1018A000FFF7CCFEBDE8F081000034430000FA44AD
:1018B0000000FA432DE9F04104460A492046FEF7AC
:1018C000DFFC80460849FEF7A9FC07460749FEF7FA
:1018D0004DFC0646FEF7A8FE85B22846FFF7B8FE87
:1018E000BDE8F081000034430000FA440000FA43F0
:1018F0002DE9F04104460A492046FEF7C1FC804626
:101900000849FEF78BFC07460749FEF72FFC064601
:10191000FEF78AFE85B22846FFF7A4FEBDE8F081F7
:10192000000034430000FA440000FA4310B500F010
:1019300001F810BD0CB500200190009033480068FC
:1019400040F480303149086000BF3048006800F43E
:10195000003000900198401C0190009818B901983F
:10196000B0F5A06FF1D12948006800F4003010B143
:101970000120009001E0002000900098012843D150
:101980002348006840F010002149086008460068BC
:1019900020F0030008600846006840F0020008607C
:1019A0001A48406819494860084640684860084637
:1019B000406840F4806048600846406820F47C102D
:1019C00048600846406840F4E810486008460068EF
:1019D00040F08070086000BF0C48006800F00070A4
:1019E0000028F9D00948406820F003000749486002
:1019F0000846406840F00200486000BF0348406865
:101A000000F00C000828F9D10CBD000000100240C5
:101A10000020024001480068704700005C00002080
:101A20007047000010B51348006840F001001149EC
:101A3000086008464068104908400E49486008465A
:101A400000680E4908400B4908600846006820F409
:101A5000802008600846406820F4FE0048604FF48B
:101A60001F008860FFF762FF4FF0006004490860C4
:101A700010BD0000001002400000FFF8FFFFF6FE5E
:101A800008ED00E010B50121880700F053F80128A7
:101A90000ED102210748FFF76EF9012804D106484C
:101AA0000088401C044908800121880700F01DF8C7
:101AB00010BD0000000801409800002010B5012171
:101AC000064800F037F840B10121044800F00DF855
:101AD00003480068401C0249086010BD000800402F
:101AE0005C000020CA4302827047CA4302827047EA
:101AF00021B1028842F00102028004E002884FF620
:101B0000FE731A40028070471AB183890B438381A8
:101B100002E083898B43838170470146888E70473A
:101B20000146088F70470146888F70470146B1F81B
:101B30004000704730B50246002000230024158A7B
:101B400005EA0103958905EA010413B10CB10120EE
:101B500000E0002030BD1AB183890B43838102E08D
:101B600083898B438381704701894FF6F872114056
:101B70000181704770B5002400220023058C4FF6C8
:101B8000FE7635400584028C8388048B4FF68F7572
:101B90002C40B51E2C400D882C43751E2A400D8903
:101BA0002A434D882A43144DA8420BD0134DA84216
:101BB00008D0134DA84205D0124DA84202D0124DB4
:101BC000A84213D14FF6F7752A404D892A434FF6A4
:101BD000FB752A408D882A434FF6FF652B404FF650
:101BE000FF552B408D892B43CD892B438380048364
:101BF000CD888586028470BD002C014000340140F0
:101C00000040014000440140004801400A460021D4
:101C1000018B4FF6F77319401143018370470000A1
:101C200070B5002400220023058C4FF6EF76354076
:101C30000584028C8388048B48F6FF752C404FF690
:101C4000FF452C400D884FF6FF7606EA05252C430C
:101C50004FF6DF752A400D8906EA05152A434D889F
:101C600006EA05152A43154DA84202D0144DA84294
:101C70001DD14FF67F752A404D894FF6FF7606EA53
:101C800005152A434FF6BF752A408D8806EA0515CB
:101C90002A434FF6FF352B404FF2FF752B408D89BD
:101CA00006EA85052B43CD8906EA85052B4383800B
:101CB0000483CD880587028470BD0000002C01409C
:101CC0000034014070B5002400220023058C4FF63B
:101CD000FF6635400584028C8388848B4FF68F75B0
:101CE0002C404FF6FC752C400D882C434FF6FF55C9
:101CF0002A400D894FF6FF7606EA05252A434D88CE
:101D000006EA05252A43154DA84202D0144DA842E3
:101D10001DD14FF2FF752A404D894FF6FF7606EA36
:101D200005252A434FF6FF352A408D8806EA05250A
:101D30002A434EF6FF752B404DF6FF752B408D89DB
:101D400006EA05152B43CD8906EA05152B4383804A
:101D50008483CD888587028470BD0000002C0140FB
:101D60000034014070B5002200230024058C4EF69B
:101D7000FF7635400584038C8488828B48F6FF7596
:101D80002A404FF6FF452A400D884FF6FF7606EAB7
:101D900005252A434DF6FF752B400D8906EA0535CA
:101DA0002B434D8806EA05352B430B4DA84202D044
:101DB0000A4DA84208D14BF6FF752C408D894FF68D
:101DC000FF7606EA85152C4384808283CD88A0F8AF
:101DD0004050038470BD0000002C014000340140DD
:101DE0000021018041808180C18001814181818108
:101DF000C18170478186704701877047818770472E
:101E0000A0F84010704781847047000000220288CB
:101E10001D4B98420ED01D4B98420BD0B0F1804F15
:101E200008D01B4B984205D01A4B984202D01A4B4F
:101E3000984204D14FF68F731A404B881A43174BC0
:101E4000984207D0164B984204D04FF6FF431A40F1
:101E5000CB881A4302808B8883850B8803850A4BC5
:101E600098420BD0094B984208D00E4B984205D0AF
:101E70000D4B984202D00D4B984201D10B7A03864C
:101E80000123838270470000002C01400034014090
:101E90000004004000080040000C0040001000401A
:101EA000001400400040014000440140004801404F
:101EB0004FF6FF71818000210180C1804180017255
:101EC00070470000014800787047000014000020AF
:101ED00005480078012804D100200349087001203A
:101EE00070470020FCE700001500002010B540F20C
:101EF0002551094800F06AF901280CD1064800F084
:101F000021FA0649087001200549087040F2255160
:101F1000014800F033F910BD0038014014000020E2
:101F20001500002000B587B001218803FFF7C6FB2C
:101F300001210420FFF7C2FB18208DF81B004FF48D
:101F40000070ADF8180003208DF81A0006A91F488C
:101F5000FEF786FE48208DF81B004FF48060ADF838
:101F6000180006A91948FEF77BFE4FF4E1300290F5
:101F70000020ADF814000C20ADF812000020ADF8E0
:101F80001000ADF80E00ADF80C0002A9104800F0EA
:101F90006DF9012240F225510D4800F041F94FF44E
:101FA000A060FFF79BF825208DF8040001208DF834
:101FB00007008DF805008DF8060001A8FFF756F818
:101FC0000121034800F0E9F807B000BD0008014016
:101FD000003801400FB400B59BB01DA8019002A8C5
:101FE000019A1C9900F0FCFF0020019002A800F06B
:101FF00013F81BB05DF814FB10B5044621460548E4
:1020000000F0A5F900BF8021024800F0D2F80028B6
:10201000F9D010BD0038014070B50446002504E039
:10202000605DFFF7E9FF681CC5B2605D0028F7D16D
:1020300070BD0000014800787047000016000020C5
:1020400005480078012804D10020034908700120C8
:1020500070470020FCE700001700002010B540F298
:102060002551094800F0B2F801280CD1064800F0CB
:1020700069F90649087001200549087040F22551A8
:10208000014800F07BF810BD00440040160000201D
:102090001700002000B587B001210420FFF70EFBD8
:1020A00001214804FFF7FAFA03208DF81A001820DE
:1020B0008DF81B000420ADF8180006A91F48FEF794
:1020C000CFFD48208DF81B000820ADF8180006A9A8
:1020D0001A48FEF7C5FD4FF4165002900020ADF8E7
:1020E00014000C20ADF812000020ADF81000ADF87F
:1020F0000E00ADF80C0002A9114800F0B7F801225B
:1021000040F225510E4800F08BF84FF4A060FEF726
:10211000E5FF26208DF8040001208DF807008DF8DA
:10212000050002208DF8060001A8FEF79FFF01219F
:10213000034800F032F807B000BD0000000801407D
:102140000044004010B540F22551094800F03EF827
:1021500001280CD1064800F0F5F806490870012066
:102160000549087040F22551014800F007F810BDFC
:1021700000480040180000201900002010B500227F
:10218000002340F66A14A14200D100BF0A120124C4
:102190009440A3B2DC43048010BD21B1828942F493
:1021A0000052828104E082894DF6FF731A408281D9
:1021B000704702460020B1F5007F00D100BF1388B0
:1021C0000B400BB1012000E00020704770B50246C3
:1021D000002400230025002040F66A16B14200D1F9
:1021E00000BFC1F3421501F01F03012606FA03F3F5
:1021F000012D02D19689334006E0022D02D1168AC4
:10220000334001E0968A33400C12012606FA04F4AA
:102210001688344013B10CB1012000E0002070BDDD
:10222000F0B50346002400260025002040F66A177A
:10223000B94200D100BF1846C1F3421401F01F0695
:10224000012707FA06F5012C01D10C3004E0022C1D
:1022500001D1103000E014301AB107682F43076035
:1022600002E00768AF430760F0BD00002DE9F047CA
:1022700086B005460E460024A24600BFA1460027B0
:10228000B08900B100BF2F462C8A4CF6FF70044085
:10229000F08804432C82AC894EF6F3100440B088D9
:1022A00031890843718908430443AC81AC8A4FF6F5
:1022B000FF400440B0890443AC8201A8FFF70EFA46
:1022C0001F48874202D1DDF810A001E0DDF80CA024
:1022D000A88900F4004040B10AEBCA0000EB0A10E4
:1022E00031684900B0FBF1F807E00AEBCA0000EBE7
:1022F0000A1031688900B0FBF1F86420B8FBF0F0F7
:1023000004012009642101FB1089A88900F4004020
:1023100040B1322000EBC900B0FBF1F000F0070043
:10232000044308E0322000EB09106421B0FBF1F017
:1023300000F00F0004432C8106B0BDE8F0870000D8
:102340000038014001468888C0F308007047C1F397
:1023500008028280704700BFFEE7000000200EE008
:10236000002100EB4002074B995400EB40021A4455
:10237000517000EB40021A449170411CC8B2082809
:10238000EEDB7047A404002030B50546082D00DDC3
:102390000825002407E000231A461946204600F0CD
:1023A000A5F9601CC4B2AC42F5DB30BD70B50021AC
:1023B000002007E000250B46491C1F4C24F8135051
:1023C000431CD8B23C28F5DB002025E000EB40049C
:1023D0001A4D2C5D240400EB4005184E35446D78F1
:1023E00044EA052400EB40053544AD7844EA050392
:1023F00000220DE003F400040CB13D2600E01D2690
:102400000C46491C0C4D25F814605B00541CE2B2CC
:10241000182AEFDB431CD8B20828D7DB002007E0DE
:1024200000250B46491C044C24F81350431CD8B219
:102430000A28F5DB70BD0000BC040020A4040020C5
:10244000F0B505460E461746002407E03B463246E7
:102450002946204600F04AF9601CC4B2082CF5DB7E
:10246000F0BD000010B50C4B1B780C4C24782343B6
:102470000B4C2478234323B9502303700B70137043
:1024800008E0054B1B780370044B1B780B70044B62
:102490001B78137010BD0000600000206100002058
:1024A0006200002001480068704700005C000020C6
:1024B00000B593B001210520FFF700F9012108467E
:1024C000FFF7ECF801210846FFF7D8F812A8FEF74D
:1024D00068FC0120ADF8480018208DF84B0003205F
:1024E0008DF84A0012A93248FEF7BAFB0FA8FFF791
:1024F000DFFC5920ADF840000020ADF83C00ADF8FD
:102500004200ADF83E000FA94FF08040FFF77EFC7F
:102510000BA8FFF765FC6020ADF82C000120ADF89A
:102520002E000020ADF83200ADF83400ADF83800D0
:102530000BA94FF08040FFF71DFB0821C806FFF7ED
:1025400065FB4FF403711B48FDF705FE1A48FEF7C3
:10255000E9F91A48009017480190102002904FF4B2
:102560008370039000200490802005904000069026
:10257000800007900020089009900A9069460E4854
:10258000FEF78CFA012251024805FFF7BDFA00213F
:102590004FF08040FFF7ACFA00214FF08040FFF78A
:1025A00029FC0020064908700649087013B000BDD8
:1025B00000080140BC0400205800024034000040E4
:1025C000580000205900002010B500F0A1FCFFF7D2
:1025D0006FFFFFF7C3FE00F0CFF8FF20044908703B
:1025E000002004490870FFF75DFF0349086010BD33
:1025F00065000020640000206800002010B5002065
:1026000000F02EFAFF2008490870002007490870E2
:10261000074908700749087007490870FFF79EFED0
:1026200000F0AAF810BD0000650000206400002042
:1026300062000020610000206000002010B5012031
:102640000249087000F0F0F910BD000059000020A8
:1026500010B5002003490870FFF724FF0249086005
:1026600010BD000059000020680000200146044809
:10267000007848436422B0FBF2F0C0B2704700001B
:102680006300002070B504460D46002000F0E8F914
:10269000642D00D964250D48057000200C49087090
:1026A000032C00DD00240B48047000200A49087048
:1026B00001200A490870002009490880094908805A
:1026C000FFF7F0FE0849086070BD000063000020BD
:1026D00064000020650000206C0000206D000020D8
:1026E0006E000020700000206800002030B508282F
:1026F00000DB30BD00EB4004054D2A5500EB4004E3
:102700002C44617000EB40042C44A37000BFF0E740
:10271000A404002070B506460C461546002000F0C3
:102720009FF9104806701048047010480570FF208B
:102730000F49087046EA0400284338B900200D49C3
:102740000870FFF70BFE00F017F870BD0120094973
:1027500008702A4621463046FFF772FE00F00CF85A
:1027600000BFF2E76000002061000020620000204E
:10277000650000206400002010B51D48007800B1FD
:1027800010BD1C48007860B14CF2503400BF4FF4CB
:102790000030FEF76DF910B9601E041EF7D100F08D
:1027A00043F9FFF703FE00211348FEF7AFF84FF49B
:1027B00083711148FEF790F94FF47020FEF798F8F6
:1027C00000214FF08040FFF715FB00214FF08040C3
:1027D000FFF719FB01210848FEF798F80121880747
:1027E000FFF786F901200349087000BFC8E7000021
:1027F0005900002058000020580002403EB5054610
:10280000FF2D03D940F2FF10401B85B264206843BE
:10281000FF21B0FBF1F0C4B2164800786043642198
:10282000B0FBF1F0C4B26A4601A902A8FFF71AFE94
:102830009DF8080060436421B0FBF1F0C0B2029043
:102840009DF804006043B0FBF1F0C0B201909DF828
:1028500000006043B0FBF1F0C0B200909DF8002092
:102860009DF804109DF80800FFF7EAFDFFF784FFCC
:102870003EBD000063000020FEB50446C4B16A46B8
:1028800001A902A8FFF7EEFD9DF80000FFF7EEFE9C
:1028900005469DF80400FFF7E9FE06469DF808008E
:1028A000FFF7E4FE07462A463146FFF7C9FD01E07F
:1028B000FFF754FDFFF760FFFEBDFEB506466A4612
:1028C00001A902A8FFF7CEFD9DF80800FFF7CEFE94
:1028D00002909DF80400FFF7C9FE01909DF80000EA
:1028E000FFF7C4FE0090FFF739FD002411E0351911
:1028F000E91705EB5171C910A5EBC101C8B29DF8EC
:1029000000309DF804209DF80810FFF7EFFE601CD2
:10291000C4B2022CEBDBFFF72FFFFEBD3EB5054630
:10292000002424E005EB4411C8B26B4601AA02A9B9
:1029300000F02AFB9DF808108808FFF797FE029028
:102940009DF804108808FFF791FE01909DF8001093
:102950008808FFF78BFE00909DF800309DF804205A
:102960009DF808102046FFF7C1FE601CC4B2082C79
:10297000D8DBFFF701FF3EBD10B51848007810B94D
:102980001748007800B110BD1648007818B91648ED
:102990000078FF2803D0012010490870F3E70120D8
:1029A0000E4908700E490870104908700A20104935
:1029B000087000200F4908700F4908700F4908700F
:1029C0000F4908800F490870FFF76CFD0E49086039
:1029D0000EA0FFF7FFFA00BFD5E70000730000204C
:1029E00072000020640000206500002074000020B8
:1029F0007C0000207D0000207E0000207F00002061
:102A00008000002082000020780000205B575332B5
:102A10003831325D20506F7765724F6E207374616C
:102A200072740D0A0000000010B500210A48FDF77D
:102A30006DFF00214FF08040FFF75AF800214FF062
:102A40008040FFF7D7F94FF47020FDF751FF0020C9
:102A50000249087010BD00005800024058000020D4
:102A600010B504460B48007800B910BD0020094994
:102A700008700949087054B10848007838B9084806
:102A80000078FF2803D1FFF769FCFFF775FE00BF50
:102A9000EBE70000720000207400002064000020BA
:102AA0006500002010B53F48007800B110BDFFF769
:102AB000F9FC04463C48007800B1F7E73B48007851
:102AC000FF2866D00020FFF7CBFF3848007830B1F0
:102AD00001281CD002282DD0032857D143E03448C8
:102AE0000068201A502800D2E0E7314804603148DD
:102AF0000078401C2F49087008460078082801DB40
:102B0000002008702B480078FFF7D7FE3FE02848E8
:102B10000068201A782800D2C8E7254804602648B3
:102B2000007880F001002449087008460078FFF71B
:102B3000A3FE2CE01E480068201A192800D2B5E731
:102B40001B4804601D480088401C1C49088008463A
:102B50000088B0F5007F01D3002008801748008866
:102B6000FFF74CFE13E012480068201A282800D214
:102B70009CE70F48046012480078801CC0B21049DE
:102B8000088008460088FFF7C9FE00E000BF00BFCC
:102B90008CE70C48007810B1204600F015F800BF13
:102BA00084E7000059000020640000206500002038
:102BB000680000206C0000206D0000206E000020E6
:102BC00070000020720000202DE9F04104463227F9
:102BD000C048007808B9BDE8F081BF4800780928EE
:102BE00079D2DFE800F078053879A8DCFDFCFB003D
:102BF000BA480068201A142800D2ECE7B7480460ED
:102C0000FFF7ACFB142300220A21B5480078FFF738
:102C10006DFDFFF7B1FDB2480078401CB049087067
:102C200008460078082815DB00200870AD480078B9
:102C3000002804DDAB480078401EAA490870A94866
:102C4000007838B90020A8490870A8490870022007
:102C5000A14908703AE1A4480078C0F10800C5B263
:102C600055B90020A24908809D49087005209A495D
:102C700008709A48046029E12846FFF785FBFFF7B2
:102C80007BFD9A480078401CC0B2A84211DB322379
:102C90000022192195480078FFF728FDFFF76CFD09
:102CA00000209349088003208B4908708B480460FA
:102CB00010E019231A4619468C480078FFF716FDD4
:102CC000FFF75AFD042084490870002088490880D5
:102CD00082480460FAE0F3E080480068201A0A287D
:102CE00000D278E77D48046081480088322812DAF3
:102CF0007F4802780088322303EB5000C1B27B4842
:102D00000078FFF7F3FCFFF737FD79480088401D96
:102D1000774908800EE074480078401C72490870BA
:102D200000207249087004206B4908704FF6FF704C
:102D30006F490880CAE06E4800884FF6FF718842EC
:102D40001CD166480068201AD22800D243E7002030
:102D50006749088064480078082809DB002008805B
:102D60005F49087005205C4908705C48046015E004
:102D7000022059490870594804600FE0574800681C
:102D8000201A0A2800D226E758480078401C5749E4
:102D900008700220504908705048046096E050487E
:102DA000007828B14D480068201A282800D212E780
:102DB0004A48046001204A4908704D48008832287A
:102DC00015DA4B4802780088322303EB5000C1B279
:102DD0000020FFF78BFCFFF7CFFC02E048E020E08B
:102DE0000CE043480088401D4149088005E0002070
:102DF0003B49087006203849087067E0374800688A
:102E0000201AB0F5FA7F00D2E5E6032039490870B0
:102E100000203749088007202F4908702F48046098
:102E200054E03348008898B9002607E032231A4658
:102E300019463046FFF75AFC701CC6B2082EF5DB67
:102E4000FFF79AFC01202A49088024480460C2E662
:102E500022480068201AC82800D2BCE6FFF77EFA94
:102E6000FFF78AFC08201C4908701C4804602DE00C
:102E70001A480068201AC82800D2ACE61D4800781D
:102E8000002804DD1B480078401E1A4908701948C4
:102E9000007860B9FFF762FAFFF76EFC00200D4979
:102EA00008700D49087014A0FFF794F807E000209F
:102EB0000F4908800720084908700848046005E0A9
:102EC0000020044908700449087000BF00BF00BF1B
:102ED00081E60000720000207400002078000020CD
:102EE0007D0000207C0000207E0000207F0000206C
:102EF00080000020820000205B5753323831325D61
:102F000020506F7765724F6E20646F6E650D0A00FA
:102F10001FB501210420FEF7C1FB01A8FEF7C8FF81
:102F20004720ADF8040040F2E730ADF8080000207B
:102F3000ADF80A00ADF8060001A91148FEF766FFDA
:102F400001210F48FEF7CEFD012211460C48FEF785
:102F500002FE1E208DF8000003208DF801008DF880
:102F6000020001208DF803006846FEF77FF800207C
:102F70000449086001210248FEF7BAFD1FBD0000A8
:102F8000000800405C00002010B555280AD200EB74
:102F900040040C7000EB4004C4F1FF0414700024E2
:102FA0001C701CE0AA280DD2A0F15504E0B200EB81
:102FB0004004C4F1FF040C700024147000EB4004C2
:102FC0001C700CE0A0F1AA04E0B200240C7000EB2D
:102FD0004004147000EB4004C4F1FF041C7010BDE9
:102FE00037B514460846064B6A46214600F0DCF821
:102FF00004466946002000F06EFC20463EBD0000FD
:10300000D738000802E008C8121F08C1002AFAD108
:1030100070477047002001E001C1121F002AFBD158
:10302000704700002DE9FF5F82B00021DDE9043028
:10303000020DDDF840B0034318D044F61050A2F260
:10304000FF3242431514119801281FD0A5EB0B0045
:10305000401C5FEA000A4FF000064E4FDFF838913F
:10306000B046504615D5CAF1000413E0119801246A
:103070004AA3012801D16FEA0B010298119AC0E915
:103080000031C0E9024206B0BDE8F09FCBF100007C
:10309000DFE704460021404A491842EB0450CDE9DD
:1030A000001012E0E00707D032463B464046494652
:1030B000FDF7CBF98046894632463B461046194615
:1030C000FDF7C3F906460F466410002CEAD1DDE98E
:1030D0000401DDE90023BAF1000F06DAFDF7B5F9C6
:1030E00042464B46FDF7B1F905E0FDF720FA4246AE
:1030F0004B46FDF71CFA04460E460022284BFDF70E
:10310000A7FA03D84FF0FF30014607E00022254B15
:1031100020463146FDF7F2F8FDF7BEFB102409E02A
:10312000002C0ADB0A220023FDF7C0FA039B303291
:103130001A55641E50EA0102F2D1641C039AC4F1CC
:1031400011031444119A012A03D0012208430DD11E
:103150000AE0084304D000204FF0110B119072E7F1
:10316000A3EB0B056D1E0DE05B4504DD4FF0000287
:1031700005F1010504E003DA4FF00002A5F10105B5
:10318000002AECD002981199C0E90231C0E900454B
:1031900079E70000000014400000F03F300000001C
:1031A0000000F0430000E03F2DE9FF4F95B09B4643
:1031B0008946064600250FE2252877D100242746B8
:1031C000F84A0121059400E0044316F8013F203B32
:1031D00001FA03F01042F7D130782A2811D06FF0AD
:1031E0002F033078A0F13002092A16D8059A44F04E
:1031F000020402EB820203EB42021044761C0590AB
:10320000EFE759F8042B0592002A03DA504244F400
:103210000054059044F00204761C30782E2816D114
:1032200016F8010F44F004042A280DD06FF02F0285
:103230003078A0F13003092B09D807EB870302EBA4
:103240004303C718761CF3E759F8047B761C3078E3
:103250006C280FD006DC4C2817D068280DD06A28BF
:1032600014D104E0742810D07A280FD10DE044F472
:1032700000140AE044F4801401E044F4401472782D
:10328000824202D104F58014761C761C30786628C0
:103290000BD013DC582877D009DC002875D04528DE
:1032A000F6D04628F4D047281AD19DE118E06328CB
:1032B00035D0642879D0652812D195E1702873D073
:1032C00008DC6728F1D069286FD06E280DD06F28F0
:1032D00006D1B5E073282CD0752875D0782874D025
:1032E0005A46179990476D1C75E1C4F302500228A5
:1032F00009D003280DD0D9F8001004280DD00D6096
:1033000009F1040967E1D9F80010EA17C1E9005290
:10331000F6E7D9F800100D80F2E70D70F0E719F824
:10332000041B8DF8001000208DF80100EA460120F2
:1033300003E059F804AB4FF0FF3061074FF0000194
:1033400002D40DE008F101018846B9420FDA804548
:10335000F8DB1AF808100029F4D108E008F101019F
:1033600088468142FADB1AF808100029F6D1059840
:103370005B46A0EB080721463846179A00F094FAFE
:10338000284400EB080507E04DE029E10DE01AF8BC
:10339000010B5A4617999047B8F10108F7D25B46DE
:1033A00021463846179A13E142E00A220092C4F3FC
:1033B00002524FF0000A022A08D059F804CB032A1F
:1033C0004FEAEC710AD00DE029E02AE009F107018B
:1033D00021F00702F2E802C1914609E00FFA8CFCE5
:1033E0004FEAEC71042A03D14FFA8CFC4FEAEC71DE
:1033F000002907DA0A460021DCF1000C61EB02012A
:103400002D2202E0220504D52B228DF80420012272
:1034100003E0E20701D02022F7E7904659E00A21B5
:1034200002E010220DE010214FF0000A00910BE0A5
:1034300010224FF0000A44F004040827009203E031
:1034400008224FF0000A0092C4F30252022A05D06B
:1034500059F804CB0021032A08D009E009F107013B
:1034600021F00702F2E802C1914605E01FFA8CFC48
:10347000042A01D10CF0FF0C4FF00008220728D5D8
:10348000702806D0009B83F0100353EA0A0305D08E
:103490000EE040228DF80420012208E05CEA0102DF
:1034A00006D030228DF804208DF8050002229046C7
:1034B000009B83F0080353EA0A030AD15CEA010285
:1034C00001D1620705D530228DF804204FF00108A4
:1034D0007F1E582804D034A003900EA802900DE05F
:1034E00036A0F9E753466046009AFDF7DFF88446B8
:1034F0000398825C0298401E029002705CEA010010
:10350000F0D1029806A9081A00F1200A600702D536
:1035100024F4803400E00127574502DDA7EB0A00C0
:1035200000E0002000EB0A01009005984144401A99
:103530000590E00306D45B462146179A059800F0F3
:10354000B3F90544002706E001A85A46C05D179963
:1035500090476D1C7F1C4745F6DBE0030CD55B46AE
:103560002146179A059800F09FF9054404E03020A1
:103570005A46179990476D1C0099481E00900029E3
:10358000F5DC08E0029802995A460078491C02913D
:10359000179990476D1CBAF10001AAF1010AF1DCFC
:1035A00065E1000009280100303132333435363707
:1035B000383961626364656600000000303132337F
:1035C000343536373839414243444546000000001F
:1035D00000F058F90544761C307800287FF4ECADF3
:1035E00019B02846BDE8F08F620700D4062709F11C
:1035F000070222F0070CFCE80223E14603F0004832
:103600005FEA080C02D00FF2702C0DE05FEA045C58
:1036100002D50FF2682C07E05FEAC47C02D00FF2FB
:10362000602C01E0AFF2700C4FF0FF3823F0004344
:10363000CDF850C065280CD006DC452809D04628B6
:103640001DD047283DD13DE0662818D067287ED19F
:1036500038E00021112F01DB112000E0781CCDE9BA
:10366000000106A90EA8FFF7DDFCDDE90F010E9AA7
:1036700003910021009207F1010A04914DE04FF0FF
:1036800000400097CDE9011006A90EA8FFF7CAFC7B
:10369000DDE90F0203920E9B11990022DDF80CA0C8
:1036A0000093049211B9791C00EB010AB7EB0A00F0
:1036B00004D4C0F1FF3007F1010A0490AAEB07001F
:1036C000019044E0012F00DA01270021112F01DDD4
:1036D000112000E03846CDE9000106A90EA8FFF749
:1036E000A1FCDDE90F010E9A0391002104910092E3
:1036F000BA4621070CD40399514500DA8A46BAF13B
:10370000010F05DD009AAAF10101515C302908D0B2
:10371000B84202DA10F1040F06DA0121CDE90110F6
:1037200015E0AAF10101E9E7002805DC049901444C
:103730000491AAEB000102E0411C514500DD8A46DC
:103740000499401A401C01904FF00040029020075D
:1037500004D40198504501DBCDF8048000208DF899
:103760004F0002980DF14F07B0F1004F25D02B20EC
:103770000E9002984FF0020800280CDA40420290A6
:103780002D200E9007E00A210298FCF779FF3031D6
:10379000029007F8011DB8F10001A8F10108F2DC60
:1037A00002980028EFD1791E0E980870307800F04A
:1037B000200040F0450007F8020D12A8C01B00F1E0
:1037C00007081498007800B1012000EB0A01019865
:1037D00001EBE07105984144401A401E0590E0035A
:1037E00006D45B462146179A059800F05DF805441B
:1037F0001498007818B15A46179990476D1CE00349
:1038000024D55B462146179A059800F04DF80544EB
:103810001CE00498002807DBDDE90301884203DD92
:103820000098405C179901E0179930205A4690475C
:10383000049805F10105401C04900198401E019078
:1038400004D12E205A46179990476D1CBAF10001F9
:10385000AAF1010ADDDC05E017F8010B5A461799B9
:1038600090476D1CB8F10001A8F10108F4DC5B463B
:103870002146179A0598ABE62D0000002B000000AA
:10388000200000002DE9F041044600251E461746A1
:10389000880404D405E039462020B0476D1C641E1E
:1038A000F9D52846BDE8F0812DE9F0410446002510
:1038B0001E469046C80301D5302700E02027880423
:1038C00004D505E041463846B0476D1C641EF9D565
:1038D0002846BDE8F0810A68531C0B6010707047E1
:1038E000F8B501F003FB3C4800684023802200212A
:1038F00000900846FDF748FD0520FDF7FCF8374825
:1039000040238022002100900846FDF73DFD012064
:10391000FDF7F1F830480068402380220021009034
:103920000846FDF731FD0120FDF7E5F82C48FDF7CD
:10393000A3FF2C48FDF7DCFF002542E0002411E046
:1039400004F15A00FCF762FE0646FDF777FFC4F16A
:103950005A00FCF75BFE0646FDF7ACFF0520FDF7BD
:10396000BEF8641C2D2CEBDB002411E0C4F18700B1
:10397000FCF74CFE0646FDF761FF04F12D00FCF755
:1039800045FE0646FDF796FF0520FDF7A8F8641CE6
:103990005A2CEBDB002411E004F12D00FCF736FE7D
:1039A0000646FDF74BFFC4F18700FCF72FFE0646E5
:1039B000FDF780FF0520FDF792F8641C2D2CEBDB52
:1039C0006D1C032DBADB08480078084908703520C3
:1039D00005490870F8BD00001C0000209C9A0008F2
:1039E00000000743000034429500002096000020AC
:1039F00070B500208F4908602BE08E49096801F1FD
:103A00005A00FCF703FE0446FDF718FF89490968D0
:103A1000C1F15A00FCF7FAFD0446FDF74BFF85495A
:103A20000968C1F15A00FCF7F1FD0446FDF724FFD7
:103A30008049096801F15A00FCF7E8FD0446FDF7EA
:103A400057FF0F20FDF74BF87A480068401C794972
:103A50000860784800685A28CFDB4FF4FA70FDF709
:103A60003EF800207349086027E072490968C1F1F7
:103A7000B400FCF7CBFD0446FDF7E0FE6D49086895
:103A8000FCF7C4FD0446FDF715FF6A490868FCF71A
:103A9000BDFD0446FDF7F0FE66490968C1F1B400BA
:103AA000FCF7B4FD0446FDF723FF0F20FDF717F8E0
:103AB00060480068401C5F4908605E4800685A28FA
:103AC000D3DB4FF4FA70FDF70AF80020594908607B
:103AD00031E058490C6804EBD4714910C1F15A0027
:103AE000FCF794FD0546FDF7A9FE52490C6804EB6E
:103AF000D471491001F15A00FCF788FD0546FDF725
:103B0000D9FE4C490968C1F15A00FCF77FFD044613
:103B1000FDF7B2FE4749096801F15A00FCF776FD4E
:103B20000446FDF7E5FE0F20FCF7D9FF4148006889
:103B3000401C404908603F4800685028C9DB4FF4EA
:103B4000FA70FCF7CCFF00203A4908602BE03949B5
:103B5000096801F13200FCF759FD0446FDF76EFEDD
:103B600034490968C1F18200FCF750FD0446FDF7B5
:103B7000A1FE3049096801F10A00FCF747FD04463F
:103B8000FDF77AFE2B490968C1F1AA00FCF73EFD5A
:103B90000446FDF7ADFE0F20FCF7A1FF25480068A5
:103BA000401C24490860234800687828CFDB4FF484
:103BB000FA70FCF794FF00201E49086031E01D49AF
:103BC0000968C1F1AA00FCF721FD0446FDF736FEA5
:103BD0001849096801F10A00FCF718FD0446FDF7D1
:103BE00069FE14490C6804EBD4714910C1F18200DC
:103BF000FCF70CFD0546FDF73FFE0E490C6804EB93
:103C0000D471491001F13200FCF700FD0546FDF7C3
:103C10006FFE0F20FCF763FF06480068401C054953
:103C20000860044800685028C9DB4FF4FA70FCF7BC
:103C300056FF70BD4800002008B5FDF7F9F9FDF703
:103C400027FBFEF76FF9FEF725FAFDF7F3FDFEF708
:103C5000BBFCFDF709F900F0A7FCFDF749FAC948DC
:103C600040238022002100900846FDF78DFBC6A06E
:103C7000FEF7B0F9FEF780FE83E1FEF729F948B1BF
:103C8000FEF720F9C549087008460178C4A0FEF780
:103C9000A1F90BE0FEF7D4F940B1FEF7CBF9BF492B
:103CA000087008460178C4A0FEF794F9FDF742F9C0
:103CB000054635B1B9480078302802D12846FDF7CD
:103CC0007FF8FCF72FFA054600EBD5704010A5EB06
:103CD0004004B248007854286FD026DC42286DD0CA
:103CE00012DC352872D008DC312869D0322868D03F
:103CF000332867D0342840D121E1362874D03728C2
:103D000073D04128F7D1C3E049286FD006DC45289D
:103D10006DD047286CD04828EDD1E5E04B2868D01D
:103D2000512867D05228E6D1A1E06F2871D012DC6B
:103D300066281BD008DC55286CD057286BD0622829
:103D40001CD06428D7D132E06A285DD06C281AD004
:103D50006E28D0D194E070380B280ED2DFE800F046
:103D6000663B184B0D0D0D1D0D5C220098A0FEF753
:103D700031F9FEF763FC00F0D9F9FEE0FEF75EFCD6
:103D800000F02CF9F9E0FEF759FC00F015FBF4E027
:103D9000FEF754FC00F03CFBEFE0FEF74FFC00F0B8
:103DA00053FCEAE0FEF74AFC00F07AFCE5E0FEF79F
:103DB00045FC44B100F08EF907E0ABE048E005E0D7
:103DC0002FE03CE0B1E000F039F9D6E0FEF740FC2E
:103DD00000F0EAFBD1E080480078302803D0FEF7FD
:103DE0002DFC00F0CBFBC8E0B3E0BCE087E070E066
:103DF00059E037E03EE078480078732803D0FEF7BA
:103E00001DFC00F0EDFBB8E0FEF718FC00F074FCC0
:103E1000B3E022E052E030E0FEF710FC00F09AFA46
:103E2000ABE0FEF70BFC00F0B9F9A6E06A480078B9
:103E3000702803D0FEF702FC00F016FB9DE06648F8
:103E40000078322803D0FEF7F9FB00F051FB94E034
:103E5000FEF7F4FB00F0F2F88FE0FEF7EFFB00F066
:103E6000D5F98AE0FEF7EAFB00F0E8F885E001F01A
:103E7000CBF982E001F094FA7FE0FFF731FD7CE0BE
:103E8000FEF7E6FBFEF7BAFB30204449087074E009
:103E9000FEF7DEFB002211462820FEF73BFC302017
:103EA0003E49087069E0FEF7D3FB00222821104646
:103EB000FEF730FC3020394908705EE0FEF7C8FBA1
:103EC000282200210846FEF725FC302033490870DF
:103ED00053E0FEF7BDFB00221E212820FEF71AFC4E
:103EE00030202E49087048E0FEF7B2FB1E22114632
:103EF0001046FEF70FFC3020284908703DE0FEF721
:103F0000A7FB1E2200211046FEF704FC30202349A7
:103F1000087032E0FEF79CFB1E2211460020FEF7DF
:103F2000F9FB30201D49087027E0FEF791FB322194
:103F30000020FEF7A7FB3020184908701DE0FEF7AF
:103F400087FB32210120FEF79DFB302013490870CA
:103F500013E0FEF77DFB32210220FEF793FB3020B9
:103F60000E49087009E0FEF773FB32210320FEF7CB
:103F700089FB30200949087000BF00BFFEF792FDA1
:103F800000BF7AE6EC61000868656C6C6F206D61BB
:103F90006E20626F20646F670D0A0000950000209C
:103FA00075617274315F636F6D6D616E643A633A0F
:103FB00025630D0A0000000075617274325F636F43
:103FC0006D6D616E643A633A25630D0A000000006E
:103FD00066726F6E740D0A009600002010B51348CB
:103FE0000078C8B11248007820B101F051F80020E3
:103FF0000F49087000F09EFBFDF704F8FDF796F9F5
:10400000FDF75AFA0B4800780B490870074800780A
:10401000401E0649087008E0352006490870052052
:104020000249087001200249087010BD9C00002060
:104030009B000020950000209600002008B51D4838
:1040400040238022002100900846FDF79DF91A4880
:10405000FDF7F4FB19484023802200210090084618
:10406000FDF792F91648FDF725FC1648FDF7E6FB2B
:104070001448FDF71FFC14484023802200210090C3
:104080000846FDF781F90B4840238022002100906B
:104090000846FDF779F900F043FD00F041FD0520E9
:1040A000FCF729FD094800780949087030200749C4
:1040B000087008BDEC75000800000743EC85000897
:1040C000000034420000B442EC7D0008950000205E
:1040D0009600002010B511480078A8B1104800786B
:1040E00020B100F0D5FF00200D49087000F07CFBE6
:1040F000FCF788FF0B4800780B49087007480078E8
:10410000401E0649087008E0352006490870052061
:104110000249087001200249087010BD9C0000206F
:104120009B000020950000209600002010B5144848
:104130000078D0B11348007820B100F0A9FF00202A
:104140001049087000F0E6FBFCF75CFF0E480078B1
:104150000E4908700A480078401E09490870084650
:1041600001780BA0FDF736FF08E0352006490870FE
:1041700005200349087001200249087010BD0000A5
:104180009C0000209B00002095000020960000204D
:10419000737465703A25640D0A00000008B516486E
:1041A000007808B31548402380220021009008467B
:1041B000FDF7EAF81248007800F0E0FD11484023CE
:1041C0008022002100900846FDF7DEF800F0FCFB9D
:1041D000FCF718FF0C480078094908700648007879
:1041E000401E0549087005E0352007490870052084
:1041F0000149087008BD00009C000020EC5D00082B
:1042000096000020EC81000895000020F8B54C488D
:10421000007835280FD04A48007844280BD0494808
:1042200040238022002100900846FDF7ADF8444865
:10423000007800F0A3FD4448402380220021009034
:104240000846FDF7A1F8002418E0C4F15A00FCF775
:10425000DDF90546FDF7F2FA04F15A00FCF7D6F94C
:104260000546FDF709FBC4F15A00FCF7CFF90546F6
:10427000FDF73EFB0720FCF732FC641C142CE4DB4A
:10428000002411E004F16E00FCF7C0F90546FDF7CB
:10429000F3FAC4F14600FCF7B9F90546FDF728FB2F
:1042A0000720FCF71CFC641C282CEBDB00240AE034
:1042B00004F14600FCF7AAF90546FDF7BFFA042011
:1042C000FCF70DFC641C3C2CF2DB3220FCF707FCF5
:1042D000002622E000250CE005EB8501C1F1B400C9
:1042E000FCF794F90746FDF7A9FA2820FCF7F7FB3D
:1042F0006D1C0A2DF0DB00250CE005EB850101F1BA
:104300008200FCF783F90746FDF798FA2820FCF7AE
:10431000E6FB6D1C0A2DF0DB761C052EDADB0B4864
:10432000FDF78CFA4FF4FA70FCF7D9FBFCF76AFE44
:104330000748007802490870302005490870F8BD28
:1043400096000020EC5D0008EC89000800008C421B
:104350009500002008B514484023802200210090D9
:104360000846FDF711F81148007800F007FD1048E5
:1043700040238022002100900846FDF705F8FFF752
:1043800037FB094840238022002100900846FCF7B3
:10439000FBFFFCF737FE074800780449087030201F
:1043A0000449087008BD0000EC5D0008960000207C
:1043B000EC7D00089500002010B511480078A8B1E8
:1043C0001048007820B100F063FE00200D4908700D
:1043D00000F042FBFCF716FE0B4800780B49087012
:1043E00007480078401E0649087008E03520064955
:1043F000087005200249087001200249087010BDAC
:104400009C0000209B0000209500002096000020CA
:1044100010B511480078A8B11048007820B100F01C
:1044200037FE00200D49087000F048FBFCF7EAFD5C
:104430000B4800780B49087007480078401E064971
:10444000087008E035200649087005200249087008
:1044500001200249087010BD9C0000209B00002034
:10446000950000209600002038B51C4800783528BB
:104470000FD01A48007871280BD0194840238022A9
:10448000002100900846FCF77FFF1448007800F0F8
:1044900075FCFBF747FE044600EBD4704010A4EB1C
:1044A000400040B10F484023802200210090084680
:1044B000FCF76AFF07E00C484023802200210090AF
:1044C0000846FCF761FF00F0C9FB08480078034983
:1044D000087030200549087038BD000096000020A3
:1044E000EC5D0008EC710008EC79000895000020F4
:1044F00038B51D480078352812D01B48007871283F
:104500000ED01A4840238022002100900846FCF774
:104510003BFF1548007800F031FC0120FCF7EBFA76
:10452000FBF700FE044600EBD4704010A4EB400003
:1045300040B10F4840238022002100900846FCF73C
:1045400023FF07E00B48402380220021009008460B
:10455000FCF71AFF00F0CAFB074800780249087010
:1045600030200549087038BD96000020EC5D000839
:10457000EC710008EC7900089500002010B500F0FF
:1045800087FD0748007800F0F9FBFCF73BFD054884
:1045900000780349087030200249087010BD0000FF
:1045A000960000209500002008B50A48402380228C
:1045B000002100900846FCF7E7FE00F097FCFCF7AE
:1045C00021FD05480078054908703020024908702F
:1045D00008BD00009CA60008950000209600002061
:1045E00008B5144840238022002100900846FCF7BB
:1045F000CBFE1148007800F0C1FB10484023802218
:10460000002100900846FCF7BFFE00F083FC0C4838
:1046100040238022002100900846FCF7B5FEFCF7FD
:10462000F1FC0848007804490870302005490870FA
:1046300008BD0000EC5D000896000020EC61000859
:10464000EC8900089500002010B511480078A8B149
:104650001048007820B100F01BFD00200D490870C3
:1046600000F05EFAFCF7CEFC0B4800780B490870AE
:1046700007480078401E0649087008E035200649C2
:10468000087005200249087001200249087010BD19
:104690009C0000209B000020950000209600002038
:1046A00010B511480078A8B11048007820B100F08A
:1046B000EFFC00200D49087000F076FAFCF7A2FC30
:1046C0000B4800780B49087007480078401E0649DF
:1046D000087008E035200649087005200249087076
:1046E00001200249087010BD9C0000209B000020A2
:1046F000950000209600002008B50B48402380223A
:10470000002100900846FCF73FFE00F0EFFB00F0B0
:1047100093FCFCF777FC05480078054908703020C9
:104720000249087008BD0000EC5D000895000020FB
:104730009600002010B52848FDF780F82748FDF7BF
:10474000D7F827480068FCF7CAF92448FDF794F821
:104750002148FDF7AFF822480068FCF7C0F921486E
:10476000FDF76CF81F48FDF7C3F81D480068FCF71B
:10477000B6F91C48FDF780F81A48FDF79BF8184871
:104780000068FCF7ACF91448FDF776F81348FDF71C
:1047900091F813480068FCF7A2F91048FDF74EF8AD
:1047A0000D48FDF7A5F80E480068FCF798F90D488C
:1047B000FDF762F80B48FDF77DF809480068FCF743
:1047C0008EF90848FDF73AF80648FDF791F80448D5
:1047D0000068FCF784F910BD000034420000074374
:1047E000500000200000B44210B54648FDF726F8FE
:1047F0004448FDF741F844480068FCF770F9414827
:10480000FDF758F83F48FDF773F83F480068FCF79C
:1048100066F93E48FDF712F83C48FDF72DF83A4896
:104820000068FCF75CF93948FDF744F83748FDF7B4
:104830005FF835480068FCF752F93248FDF71CF87C
:104840003048FCF7FBFF3248FDF734F83048FDF7FD
:104850004FF89620FCF743F92C48FCF7EFFF2B4864
:10486000FDF70AF82948FDF725F82848FDF740F834
:104870009620FCF734F92648FDF71CF82448FDF78C
:1048800037F821480068FCF72AF92148FCF7D6FFE1
:104890001F48FCF7F1FF1C480068FCF720F91B4893
:1048A000FDF708F81948FDF723F817480068FCF7EA
:1048B00016F91648FCF7C2FF1448FCF7DDFF124852
:1048C0000068FCF70CF91248FCF7D6FF1048FCF71B
:1048D000B5FF0C48FCF7EEFF0A48FDF709F89620F3
:1048E000FCF7FDF80948FCF7A9FF0848FCF7C4FFEE
:1048F0000648FCF7DFFF0548FCF7FAFF9620FCF7B7
:10490000EEF810BD00000743500000200000B44244
:104910000000344210B52848FCF790FF2748FCF708
:10492000E7FF27480068FCF7DAF82448FCF7A4FF03
:104930002148FCF7BFFF22480068FCF7D0F8214867
:10494000FCF77CFF1F48FCF7D3FF1D480068FCF70D
:10495000C6F81C48FCF790FF1A48FCF7ABFF184854
:104960000068FCF7BCF81448FCF786FF1348FCF716
:10497000A1FF13480068FCF7B2F81048FCF75EFF8F
:104980000D48FCF7B5FF0E480068FCF7A8F80D4885
:10499000FCF772FF0B48FCF78DFF09480068FCF735
:1049A0009EF80848FCF74AFF0648FCF7A1FF0448B8
:1049B0000068FCF794F810BD000007430000344283
:1049C000500000200000B44210B5002021490860CA
:1049D00019E020490968C1F15A00FBF717FE0446A7
:1049E000FCF72CFF1B49096801F15A00FBF70EFE8A
:1049F0000446FCF75FFF0A20FCF771F815480068D1
:104A0000401C14490860134800681428E1DB0020AA
:104A10001049086019E00F49096801F15A00FBF7D5
:104A2000F5FD0446FCF728FF0A490968C1F15A0060
:104A3000FBF7ECFD0446FCF75BFF0A20FCF74FF8A0
:104A400004480068401C0349086002480068412887
:104A5000E1DB10BD4800002010B51448FCF70CFF46
:104A60001248FCF727FF12480068FCF738F8114895
:104A7000FCF7E4FE0F48FCF73BFF0D480068FCF72D
:104A80002EF80D48FCF7F8FE0B48FCF713FF08481A
:104A90000068FCF724F80848FCF7D0FE0648FCF74D
:104AA00027FF03480068FCF71AF810BD0000074311
:104AB00050000020000034420000B44210B51448F9
:104AC000FCF7BCFE1248FCF713FF12480068FCF725
:104AD00006F81148FCF7D0FE0F48FCF7EBFE0D4836
:104AE0000068FBF7FCFF0D48FCF7A8FE0B48FCF73D
:104AF000FFFE08480068FBF7F2FF0848FCF7BCFE21
:104B00000648FCF7D7FE03480068FBF7E8FF10BD36
:104B10000000344250000020000007430000B4426F
:104B200010B51E48FCF7A8FE1C48FCF787FE1C4881
:104B3000FCF7C0FE1A48FCF7DBFE9620FBF7CFFF20
:104B40001848FCF77BFE1748FCF796FE1548FCF763
:104B5000B1FE1448FCF7CCFE9620FBF7C0FF1048CE
:104B6000FCF78AFE0E48FCF769FE0C48FCF7A2FE33
:104B70000A48FCF7BDFE9620FBF7B1FF0948FCF799
:104B80005DFE0848FCF778FE0648FCF793FE0548F2
:104B9000FCF7AEFE9620FBF7A2FF10BD0000074316
:104BA000000034420000B44210B52848FCF746FE2D
:104BB0002648FCF761FE26480068FBF790FF234873
:104BC000FCF778FE2148FCF793FE21480068FBF7CC
:104BD00086FF2048FCF732FE1E48FCF74DFE1C48BD
:104BE0000068FBF77CFF1B48FCF764FE1948FCF7E4
:104BF0007FFE17480068FBF772FF1748FCF75AFE64
:104C00001548FCF775FE12480068FBF768FF12486C
:104C1000FCF714FE1048FCF72FFE0D480068FBF768
:104C20005EFF0C48FCF746FE0A48FCF761FE0848A8
:104C30000068FBF754FF0748FCF700FE0548FCF747
:104C40001BFE03480068FBF74AFF10BD0000074346
:104C5000500000200000B4420000344210B5002093
:104C60002149086019E02049096801F15A00FBF761
:104C7000CDFC0446FCF7E2FD1B490968C1F15A006E
:104C8000FBF7C4FC0446FCF715FE0A20FBF727FFE0
:104C900015480068401C14490860134800684B28F8
:104CA000E1DB00201049086019E00F49096801F1B3
:104CB0005A00FBF7ABFC0446FCF71AFE0A490968E8
:104CC000C1F15A00FBF7A2FC0446FCF7D5FD0A200F
:104CD000FBF705FF04480068401C034908600248D0
:104CE00000684B28E1DB10BD4800002010B5002013
:104CF0002149086019E02049096801F15A00FBF7D1
:104D000085FC0446FCF7D6FD1B490968C1F15A0031
:104D1000FBF77CFC0446FCF791FD0A20FBF7DFFE65
:104D200015480068401C14490860134800684B2867
:104D3000E1DB00201049086019E00F49096801F122
:104D40005A00FBF763FC0446FCF796FD0A49096824
:104D5000C1F15A00FBF75AFC0446FCF7C9FD0A20D2
:104D6000FBF7BDFE04480068401C03490860024888
:104D700000684B28E1DB10BD4800002070B50446F8
:104D8000302C00D170BDFCF715FD54490870FCF7BC
:104D900021FD53490870FCF72DFD52490870FCF7BE
:104DA00039FD5149087086E04C4800785A280CDDDE
:104DB0004A480078401E4949087008460078FBF7C9
:104DC0002EFC0546FCF73AFD0FE0444800785A28CF
:104DD0000BDA42480078401C4049087008460078C9
:104DE000FBF71DFC0546FCF729FD3E4800785A28D4
:104DF0000CDD3C480078401E3A49087008460078AF
:104E0000FBF70DFC0546FCF755FD0FE03548007833
:104E10005A280BDA33480078401C3249087008469B
:104E20000078FBF7FCFB0546FCF744FD2C480078B6
:104E30005A280CDD2A480078401E29490870084687
:104E40000078FBF7ECFB0546FCF716FD0FE0244865
:104E500000785A280BDA22480078401C2049087054
:104E600008460078FBF7DBFB0546FCF705FD1E480E
:104E700000785A280CDD1C480078401E1A4908703A
:104E800008460078FBF7CBFB0546FCF731FD0FE049
:104E9000154800785A280BDA13480078401C12494C
:104EA000087008460078FBF7BAFB0546FCF720FDC2
:104EB0000A20FBF714FE094800785A287FF474AFE3
:104EC000084800785A28F9D1054800785A28F5D1C1
:104ED000054800785A28F1D100BF53E7540000205C
:104EE00055000020560000205700002010B508484B
:104EF000FCF7A4FC0648FCF7BFFC0548FCF7DAFC0D
:104F00000348FCF7F5FC4FF4FA70FBF7E8FD10BD21
:104F10000000B44210B500204349086019E042493E
:104F2000096801F15A00FBF771FB0446FCF7A4FC89
:104F30003D490968C1F15A00FBF768FB0446FCF7DC
:104F4000D7FC0520FBF7CBFD37480068401C3649ED
:104F50000860354800684128E1DB002032490860DC
:104F600019E031490968C1F15A00FBF74FFB0446CB
:104F7000FCF764FC2C49096801F15A00FBF746FB79
:104F80000446FCF797FC0520FBF7A9FD26480068BE
:104F9000401C25490860244800681428E1DB4FF4D0
:104FA0007A70FBF79CFD00201F49086010E01E4945
:104FB000096801F14600FBF729FB0446FCF73EFCBB
:104FC0000420FBF78CFD18480068401C1649086057
:104FD000154800683C28EADB4FF47A70FBF77FFD48
:104FE0001248FCF72BFC4FF4FA70FBF778FD1048E1
:104FF000FCF724FC4FF4FA70FBF771FD0B48FCF74B
:105000001DFC4FF4FA70FBF76AFD0948FCF716FC2B
:105010004FF4FA70FBF763FD0648FCF70FFC052020
:10502000FBF75DFD10BD0000480000200000344388
:105030000000024300008C4210B51248FCF73AFC15
:105040001048FCF719FCC820FBF749FD0E48FCF797
:1050500031FC0D48FCF710FCC820FBF740FD0B4865
:10506000FCF7ECFB0948FCF743FCC820FBF737FDD5
:105070000548FCF7E3FB0448FCF73AFCC820FBF7C3
:105080002EFD10BD0000A0410000B44200002043EE
:1050900038B5FBF747F80F2190FBF1F201FB120442
:1050A0000F2C11D2DFE804F008111A232C353E47EB
:1050B0005059626B747D8600444840238022002151
:1050C00000900846FCF760F97DE0414840238022CB
:1050D000002100900846FCF757F974E03D48402352
:1050E0008022002100900846FCF74EF96BE03A4818
:1050F00040238022002100900846FCF745F962E039
:10510000364840238022002100900846FCF73CF9F5
:1051100059E0334840238022002100900846FCF7E4
:1051200033F950E02F4840238022002100900846A8
:10513000FCF72AF947E02C48402380220021009008
:105140000846FCF721F93EE0284840238022002150
:1051500000900846FCF718F935E0254840238022E6
:10516000002100900846FCF70FF92CE0214840236D
:105170008022002100900846FCF706F923E01E4833
:1051800040238022002100900846FCF7FDF81AE039
:105190001A4840238022002100900846FCF7F4F8CA
:1051A00011E0174840238022002100900846FCF7B8
:1051B000EBF808E0134840238022002100900846C5
:1051C000FCF7E2F800BF00BF38BD00009C92000869
:1051D0009C9600089C9A00089C9E00089CA20008CF
:1051E0009CA600089CAA00089CAE00089CB200087F
:1051F0009CB600089CBA00089CBE00089CC200082F
:105200009CC600089CCA000838B500259FE06D1CAC
:10521000FAF788FF0F2190FBF1F201FB12040F2C2B
:1052200011D2DFE804F008111A232C353E475059FB
:10523000626B747D86004A484023802200210090E2
:105240000846FCF7A1F87DE0464840238022002173
:1052500000900846FCF798F874E043484023802209
:10526000002100900846FCF78FF86BE03F48402390
:105270008022002100900846FCF786F862E03C4856
:1052800040238022002100900846FCF77DF859E079
:10529000384840238022002100900846FCF774F82B
:1052A00050E0354840238022002100900846FCF75A
:1052B0006BF847E0314840238022002100900846E7
:1052C000FCF762F83EE02E48402380220021009047
:1052D0000846FCF759F835E02A484023802200218F
:1052E00000900846FCF750F82CE027484023802225
:1052F000002100900846FCF747F823E023484023AC
:105300008022002100900846FCF73EF81AE0204871
:1053100040238022002100900846FCF735F811E078
:105320001C4840238022002100900846FCF72CF8FE
:1053300008E0194840238022002100900846FCF72D
:1053400023F800BF00BF0120FBF7C9FB00BF192DE8
:10535000FFF65DAFFFF79CFE30201049087038BDA6
:105360009C9200089C9600089C9A00089C9E00084D
:105370009CA200089CA600089CAA00089CAE0008FD
:105380009CB200089CB600089CBA00089CBE0008AD
:105390009CC200089CC600089CCA0008950000201A
:1053A00010B5FBF7C3FFFCF787F830200149087000
:1053B00010BD00009500002000000000000000006B
:1053C0000000000000000000000000F800000000E5
:1053D000000000333000000000160E00160E000022
:1053E000000000000000000040C07840C07840008D
:1053F000043F04043F040400007088FC08300000EF
:10540000001820FF211E0000F008F000E018000046
:1054100000211C031E211E0000F0088870000000FF
:105420001E21232419272110000000160E00000061
:105430000000000000000000000000E0180402006E
:10544000000000071820400000020418E0000000DF
:105450000040201807000000404080F080404000DD
:105460000202010F01020200000000F00000000033
:105470000101011F01010100000000000000000007
:1054800000B07000000000000000000000000000FC
:105490000001010101010101000000000000000005
:1054A00000303000000000000000000080601804A0
:1054B000006018060100000000E010080810E0007D
:1054C000000F102020100F00001010F80000000046
:1054D0000020203F2020000000700808088870008D
:1054E000003028242221300000300888884830000D
:1054F0000018202020110E000000C02010F800002D
:1055000000070424243F240000F8088888080800C5
:105510000019212020110E0000E0108888180000DA
:10552000000F112020110E0000380808C8380800AC
:105530000000003F0000000000708808088870002C
:10554000001C222121221C0000E010080810E000AD
:105550000000312222110F00000000C0C000000036
:105560000000003030000000000000C0C00000005B
:10557000000080B070000000000080402010080093
:10558000000102040810200040404040404040001C
:1055900004040404040404000008102040800000F7
:1055A0000020100804020100007048080808F000FC
:1055B0000000003036010000C030C828E810E000CC
:1055C0000718272423140B000000C038E000000057
:1055D000203C23020227382008F8888888700000C1
:1055E000203F202020110E00C03008080808380095
:1055F000071820202010080008F808080810E0000C
:10560000203F202020100F0008F88888E8081000AC
:10561000203F20202320180008F88888E808100080
:10562000203F200003000000C030080808380000B8
:1056300007182020221E020008F808000008F808B9
:10564000203F210101213F20000808F80808000040
:105650000020203F2020000000000808F808080073
:10566000C08080807F00000008F888C028180800EB
:10567000203F20012638200008F808000000000024
:10568000203F20202020300008F8F800F8F808001B
:10569000203F003F003F200008F830C00008F80815
:1056A000203F200007183F00E01008080810E00025
:1056B0000F10202020100F0008F808080808F0003C
:1056C000203F210101010000E01008080810E0005F
:1056D0000F18242438504F0008F8888888887000F4
:1056E000203F2000030C3020007088080808380094
:1056F0000038202121221C00180808F8080818008A
:105700000000203F2000000008F808000008F8080A
:10571000001F202020201F000878880000C83808BB
:10572000000007380E010000F80800F80008F80033
:10573000033C0700073C03000818688080681808CD
:1057400020302C03032C30200838C800C83808004B
:105750000000203F2000000010080808C83808009A
:105760002038262120201800000000FE020202003E
:105770000000007F40404000000C30C000000000EE
:10578000000000010638C00000020202FE00000016
:10579000004040407F000000002010080408102056
:1057A00000000000000000000000000000000000F9
:1057B00080808080808080800002040800000000DB
:1057C00000000000000000000000808080800000D9
:1057D0000019242222223F2008F8008080000000C7
:1057E000003F112020110E0000000080808000008A
:1057F000000E112020201100000000808088F80099
:10580000000E112020103F200000808080800000CA
:10581000001F222222221300008080F0888888182E
:105820000020203F20200000000080808080800039
:10583000006B94949493600008F8008080800000CE
:10584000203F210000203F200080989800000000A9
:105850000020203F202000000000008098980000D9
:1058600000C08080807F000008F8000080808000F9
:10587000203F24022D302000000808F8000000001E
:105880000020203F202000008080808080808000D9
:10589000203F20003F20003F0080800080800000EB
:1058A00000203F2100203F200000808080800000F9
:1058B000001F202020201F0080800080800000002A
:1058C00080FFA12020110E00000000808080800059
:1058D000000E112020A0FF8080808000808080004A
:1058E00020203F2120000100000080808080800077
:1058F0000033242424241900008080E080800000EC
:105900000000001F20200000808000000080800038
:10591000001F202020103F20808080000080808099
:1059200000010E3008060100808000800080808029
:105930000F300C030C300F0000808000808080004E
:105940000020312E0E312000808080000080808079
:1059500080818E7018060100008080808080800029
:105960000021302C2221300000000000807C020247
:1059700000000000003F404000000000FF00000069
:1059800000000000FF0000000002027C8000000018
:105990000040403F00000000008040408000008048
:1059A00000000000000101000000000000000000F5
:1059B000002F000000000700070000147F147F1470
:1059C00000242A7F2A1200231308646200364955F6
:1059D000225000000007000000001C2241000000CF
:1059E00041221C000014083E08140008083E080864
:1059F000000000A0600000080808080800006060BF
:105A00000000002010080402003E5149453E0000FD
:105A1000427F4000004261514946002141454B31DF
:105A2000001814127F10002745454539003C4A49AB
:105A3000493000017109050300364949493600061D
:105A40004949291E00003636000000005636000085
:105A50000008142241000014141414140000412200
:105A60001408000201510906003E4955592E007CD8
:105A70001211127C007F49494936003E41414122C2
:105A8000007F4141221C007F49494941007F0909AB
:105A90000901003E4149497A007F0808087F00005B
:105AA000417F4100002040413F01007F0814224116
:105AB000007F40404040007F020C027F007F0408CE
:105AC000107F003E4141413E007F09090906003E2A
:105AD0004151215E007F0919294600464949493153
:105AE0000001017F0101003F4040403F001F204076
:105AF000201F003F4038403F006314081463000734
:105B00000870080700615149454300007F4141008A
:105B1000000204081020000041417F00000402013F
:105B20000204004040404040000001020400002008
:105B300054545478007F4844443800384444442046
:105B400000384444487F00385454541800087E09F3
:105B500001020018A4A4A47C007F080404780000BB
:105B6000447D4000004080847D00007F1028440078
:105B70000000417F4000007C04180478007C080489
:105B8000047800384444443800FC242424180018C5
:105B9000242418FC007C08040408004854545420B1
:105BA00000043F444020003C4040207C001C20403A
:105BB000201C003C4030403C004428102844001C7D
:105BC000A0A0A07C004464544C440000087F410025
:105BD0000000007F00000000417F0800000804086A
:105BE0001008A3AC0000000000000000000000004E
:105BF0000000000000000058380000000000000015
:105C00000000000000A1A300000000000000000050
:105C1000000000000000000000001824241800000C
:105C20000000000000000000C4E300008060F807EE
:105C30004020180F08C80808281800010000FF00BD
:105C4000100C0340807F0001061800BAC30010103A
:105C5000F01F10F000808282E2928A86800040224B
:105C600015081661000040807F0000000000CAC0D7
:105C700000202020FE2020FF202020FF20202020A8
:105C8000000000007F4040474444444740404000FB
:105C900000BDE700000000FE929292FE929292FEFA
:105CA0000000000008080484621E010001FE0204D6
:105CB00004080800A3A100000000FE00000000008E
:105CC00000000000000000000000330000000000A1
:105CD00000000000000000BFAA0080828282FE82D5
:105CE00082828282FE8282828000008040300F00A9
:105CF00000000000FF0000000000D0C40000008091
:105D00000000E002041800000040800000100C03B6
:105D100000003F40404040407800010E00D6B500F2
:105D2000008060F80704E4A4A4BFA4A4E404000075
:105D3000010000FF40407F4A4A4A4A4A7F404000F3
:105D40003A00000000000000000000000000000019
:105D500000000000003636000000000000000000D7
:105D6000000000CCE500008060F807101010D0FFA4
:105D7000D01010100000010000FF1008040B08FFF5
:105D8000080B04081000C1A600001010101010FF2E
:105D90001010101010F000000000804020180601C4
:105DA00000204080403F000000000000FF01010192
:105DB0003109090909897101010101FFFF80808012
:105DC0008080809681808080808080FFFF0181813B
:105DD00081FD8991A1C1FD81818101FFFF808080CA
:105DE000809F888482819F80808080FF00000000E7
:105DF00000000000000000000000000000000000A3
:105E00000000000000000000000000000000000092
:105E10000000000000000000000000000000000082
:105E20000000000000000000000000000000000072
:105E30000000000000000000000000000000000062
:105E40000000000000000000000000000000000052
:105E50000000000000000000000000000000000042
:105E60000000000000000000000000000000000032
:105E70000000000000000000000000000000000022
:105E800000000000000000000080C0E0F0F8F8FC16
:105E9000FCFCFCFCFCF8F0F0E080000000000000DE
:105EA00000000000000000000000000000000000F2
:105EB0000000000000000000000000000080C0E0C2
:105EC000F0F8F8FCFCFCFCFCF8F8F0F0E0800000D6
:105ED00000000000000000000000000000000000C2
:105EE00000000000000000000000000000000000B2
:105EF00000000000000000000000000000000000A2
:105F0000000000000000C0F8FEFFFFFFFFFFFFFFE2
:105F1000FFFFFFFFFFFFFFFFFFFFFFFCF080000020
:105F20000000000000000000000000000000000071
:105F300000000000000000000000C0F8FEFFFFFFAE
:105F4000FFFFFFFFFFFFFFFFFFFFFFFFFFFFFFFC64
:105F5000F0800000000000000000000000000000D1
:105F60000000000000000000000000000000000031
:105F70000000000000000000000000000000000021
:105F80000000000000FCFFFFFFFFFFFFFFFFFFFF1F
:105F9000FFFFFFFFFFFFFFFFFFFFFFFFFFFF00000F
:105FA00000000000000000000000000000000000F1
:105FB000000000000000000000FCFFFFFFFFFFFFEB
:105FC000FFFFFFFFFFFFFFFFFFFFFFFFFFFFFFFFE1
:105FD000FFFF0000000000000000000000000000C3
:105FE00000000000000000000000000000000000B1
:105FF00000000000000000000000000000000000A1
:1060000000000000003FFFFFFFFFFFFFFFFFFFFF5B
:10601000FFFFFFFFFFFFFFFFFFFFFFFFFFFF00008E
:106020000000000000000000000000000000000070
:106030000000000000000000003FFFFFFFFFFFFF27
:10604000FFFFFFFFFFFFFFFFFFFFFFFFFFFFFFFF60
:10605000FFFF000000000000000000000000000042
:106060000000000000000000000000000000000030
:106070000000000000000000000000000000000020
:10608000000000000000031F7FFFFFFFFFFFFFFF76
:10609000FFFFFFFFFFFFFFFFFFFFFF3F0F010000BC
:1060A00000000000000000000000000000000000F0
:1060B00000000000000000000000031F7FFFFFFF42
:1060C000FFFFFFFFFFFFFFFFFFFFFFFFFFFFFF3FA0
:1060D0000F010000000000000000000000000000B0
:1060E00000000000000000000000000000000000B0
:1060F00000000000000000000000000000000000A0
:106100000000000000000000000103070F1F1F3FF8
:106110003F3F3F3F3F1F1F0F0703000000000000ED
:10612000000000000000000000000000000000006F
:106130000000000000000000000000000001030754
:106140000F1F1F3F3F3F3F3F3F1F1F0F0703000031
:10615000000000000000000000000000000000003F
:10616000000000000000000000000000000000002F
:10617000000000000000000000000000000000001F
:10618000000000000000000000000000000000000F
:1061900000000000000000000000000000000000FF
:1061A00000000000000000000000000000000000EF
:1061B00000000000000000000000000000000000DF
:1061C00000000000000000000000000000000000CF
:1061D00000000000000000000000000000000000BF
:1061E00000000000000000000000000000000000AF
:1061F000000000000000000000000000000000009F
:10620000000000000000000000000000000000008E
:10621000000000000000000000000000000000007E
:10622000000000000000000000000000000000006E
:10623000000000000000000000000000000000005E
:10624000000000000000000000000000000000004E
:10625000000000000000000000000000000000003E
:10626000000000000000000000000000000000002E
:10627000000000003070F0F0F0E0E0E0C0C080808E
:10628000800000000000000000000000000000008E
:1062900000000000000000000000000000000000FE
:1062A00000000000000000000000000000000000EE
:1062B00000000000000000000000000000000000DE
:1062C00000000000000000000000000000000000CE
:1062D0000000000000808080C0C0E0E0F0F0707836
:1062E000787830000000000000000000000000008E
:1062F000000000000000000000000101030303078C
:1063000007070F0E1E1E1C3C3C787878F0F0E0E08A
:10631000E0C0C0C08080000000000000000000005D
:10632000000000000000000000000000000000006D
:10633000000000000000000000000000000000005D
:106340000000000000C0E0E0F0F0F0F8F8F83C1CBD
:106350001E1E0F0F070707070301010101000000C0
:10636000000000000000000000000000000000002D
:1063700000000000000000008080C0C0C0C0E0E05D
:10638000E0E0F07070787838383C3C1C1C1E1F1F11
:106390000F0F0F0F070703000000000000000000B0
:1063A00000000000000000000000000000000000ED
:1063B00000000000000000000000000000000000DD
:1063C000000000000000010303030707070F0F0F81
:1063D0000F1E1E1E3C3C3C787878F0F0F0E0E0E0C8
:1063E000E0C080000000000000000000000000008D
:1063F0000000000000008081030303F3610101013C
:1064000080E03000000080C0C000000000000000FC
:10641000000000000000000000000000000000007C
:10642000103878F8F8F87838383838383838383854
:10643000383838383878F8F87838300000000000FC
:10644000000000000000000000000000000000C08C
:10645000E0000080F03000000080F07000000101DA
:10646000E1C100000000000000000000000000008A
:106470000000000000070F0100103F0F0000007C2B
:106480001F030000603C0F0300000000000000003C
:1064900000000000000000000000000000000000FC
:1064A000000000000F3FFCF0C0C0C0C0C0C0C0C0B2
:1064B000C0C0C0C0E0FC7F0F000000000000000072
:1064C00000000000000000000000000000000007C5
:1064D0000300003F070000003C1F000000103C1FAD
:1064E00001000000000000000000000000000000AB
:1064F000000000000000000000000000000000009C
:10650000000000000000000000000000000000008B
:10651000000000000000000000000000000000007B
:10652000000000000000000000000000000000006B
:10653000000000000000000000000000000000005B
:10654000000000000000000000000000000000004B
:10655000000000000000000000000000000000003B
:10656000000000000000000000000000000000002B
:10657000000000000000000000000000000000001B
:10658000000000000000000000000000000000000B
:1065900000000000000000000000000000000000FB
:1065A00000000000000000000000000000000000EB
:1065B00000000000000000000000000000000000DB
:1065C00000000000000000000000000000000000CB
:1065D00000000000000000000000000000000000BB
:1065E00000000000000000000000000000000000AB
:1065F000000000000000000000000000000000009B
:10660000000000000000000000000000000000008A
:10661000000000000000000000000000000000007A
:10662000000000000000000000000000000000006A
:10663000000000000000000000000000000000005A
:10664000000000000000000000000000000000004A
:10665000000000000000000000000000000000003A
:10666000000000000000000000000000000000002A
:10667000000000C0F838383060E0C0800000000042
:10668000000000000000000000000000000000000A
:1066900000000000000000000000000000000000FA
:1066A00000000000000000000000000000000000EA
:1066B00000000000000000000000000000000000DA
:1066C00000000000000000000000000000000000CA
:1066D0000000000000000000000080C0E0703038C2
:1066E0007CF08000000000000000000000000000BE
:1066F0000000FCFF8700000000000103070E0C18DB
:106700003870E0C0800000000000000000000000C1
:106710000000000000000000000000000000000079
:106720000000000000000000000000000000000069
:106730000000000000000000000000000000000059
:106740000000000000000000000000000000000049
:106750000080C0E070381C0E060703010000000036
:1067600000FFFF30000000000000000000000000FB
:10677000000000071F3C70E0C080800000000000A7
:10678000000000010103070E1C387060C0C08000CB
:1067900000000000000000000000000000000000F9
:1067A00000000000000000000000000080C0C000E9
:1067B00000000000000000000000000000000000D9
:1067C0000000000000000080C0E06030381C0E07B0
:1067D000030100000000000000008080C0C060389D
:1067E0001C0F03000000000000000000000000007B
:1067F00000000000000000000001018303070606FE
:10680000068C8C0C0C0C18181818181818191B1F4B
:106810001E1C181000000000000000000000000016
:1068200000FEFE0E1C38706070180E070301010395
:10683000061C3830381C0EFFFF000000000000006E
:10684000000018181C1E1F1B191818181898980CEF
:106850000C0C0C0C8C0606060703038101000000DB
:106860000000000000000000000000000000000028
:10687000000000000000000000101E070000C070B3
:106880001C030000000000F03E00000000000000BB
:1068900000000000000000000000000000000000F8
:1068A00000FFFF800000000000000000000000006A
:1068B00000000000000080FFFF000000000000005A
:1068C0000000000000000000000000180E0300009F
:1068D0000000380F0100000000003F03000000002E
:1068E00000000000000000000000000000000000A8
:1068F0000000000000000000000000000000000098
:106900000000000000000000000000000000000087
:106910000000000000000000000000000000000077
:10692000000003030303030303030303030303033D
:10693000030303030303030301000000000000003E
:106940000000000000000000000000000000000047
:106950000000000000000000000000000000000037
:106960000000000000000000000000000000000027
:106970000000000000000000000000000000000017
:106980000000000000000000000000000000000007
:1069900000000000000000000000000000000000F7
:1069A00000000000000000000000000000000000E7
:1069B00000000000000000000000000000000000D7
:1069C00000000000000000000000000000000000C7
:1069D00000000000000000000000000000000000B7
:1069E00000000000000000000000000000000000A7
:1069F0000000000000000000000000000000000097
:106A00000000000000000000000000000000000086
:106A10000000000000000000000000000000000076
:106A20000000000000000000000000000000000066
:106A30000000000000000000000000000000000056
:106A40000000000000000000000000000000000046
:106A50000000000000000000000000000000000036
:106A60000000000000000000000000000000000026
:106A70000000000000000000000000000000000016
:106A80000000000000000000000000000000000006
:106A900000000000000000000000000000000000F6
:106AA00000000000000000000000000000000000E6
:106AB00000000000000000000000000000000000D6
:106AC00000000000000000000000000000000000C6
:106AD00000000000000000000000000000000000B6
:106AE00000000000000000000000000000000000A6
:106AF000000000C0E0F0F8F8FC7C3E3E1E1F1F1FA7
:106B00001F1E3E3E7CFCF8F8F0E080000000000014
:106B10000000000000000000000000000000000075
:106B2000000000000000000000C0000000000000A5
:106B300080800000000000000000000000800000D5
:106B4000000000000000000000000000000080E0E5
:106B5000F0F8F8FC7C3E3E1E1F1F1E1E1E3E3E7CB3
:106B6000FCF8F8F0E08000000000000000000000E9
:106B700000F8FFFFFFFF0701000000000000000019
:106B80000000000000000107FFFFFFFFF000000011
:106B900000000000000000000060301C0603C0E0A0
:106BA000380E0700C0E0380E07010000E0701C0737
:106BB000030060701C0703000060380E07013038C6
:106BC0000E0300000000000000000000F8FFFFFFBF
:106BD000FF030100000000000000000000000000B2
:106BE000000107FFFFFFFFF00000000000000000B1
:106BF00000010F3F7FFFFCF8F0E0C0C08080808084
:106C00008080C0C0E0F0F8FEFF7F1F0F0000000092
:106C10000000000000000000000000000000000074
:106C20000000000000000000000000000000000064
:106C30000000000000000000000000000000000054
:106C4000000000000000000000000000010F3F7F76
:106C5000FFFCF8F0E0C0C0808080808080C0C0E091
:106C6000F0F8FEFF7F3F0F01000000000000000071
:106C7000000000000000010303070707070F0F0FC4
:106C80000F0F0707070301010000000000000000CC
:106C900000000000000000000000000000007FFC79
:106CA0008000000000000000000000E0FFFE800007
:106CB00000000000000000000080FE7E00000000D8
:106CC00000000000000000000000000000000000C4
:106CD00000010303070707070F0F0F0F0707070739
:106CE000030101000000000000000000000000009F
:106CF0000000000000000000000000000000000094
:106D00000000000000000000000000000000000083
:106D10000000000000000000000000000000000172
:106D2000030306060606060606060301010103071D
:106D3000060606060606060603030100000000001C
:106D40000000000000000000000000000000000043
:106D50000000000000000000000000000000000033
:106D60000000000000000000000000000000000023
:106D70000000000000000000000000000000000013
:106D80000000000000000000000000000000000003
:106D900000000000000000000000000000000000F3
:106DA00000000000000000000000000000000000E3
:106DB00000000000000000000000000000000000D3
:106DC00000000000000000000000000000000000C3
:106DD00000000000000000000000000000000000B3
:106DE00000000000000000000000000000000000A3
:106DF0000000000000000000000000000000000093
:106E00000000000000000000000000000000000082
:106E10000000000000000000000000000000000072
:106E20000000000000000000000000000000000062
:106E30000000000000000000000000000000000052
:106E40000000000000000000000000000000000042
:106E50000000000000000000000000000000000032
:106E60000000000000000000000000000000000022
:106E70000000000000000000000000000000000012
:106E80000000000000000000000000000000000002
:106E900000000000000000000000000000000000F2
:106EA00000000000000000000000000000000000E2
:106EB00000000000000000000000000000000000D2
:106EC00000000000000000000000000000000000C2
:106ED00000000000000000000000000000000000B2
:106EE00000000000000000000000000000000000A2
:106EF000000000000000000080E0F0F03000000022
:106F0000000000C080F0F0F080C000000000000031
:106F10001C1C1C1C1C1C1C1C1C1C1C1C1C1C1C1CB1
:106F20001C1C1CC0E0C0800000000000000000002D
:106F30000080C0E0C01C1C1C1C1C1C1C1C1C1C1C3D
:106F40001C1C1C1C1C1C1C1C000000000000C08021
:106F5000F0F0F080C000000000000030F0F0E080B1
:106F60000000000000000000000000000000000021
:106F700000000000000000F8FFFF0F00000000000C
:106F8000000000113F3F0F3F3F11010000000000D3
:106F900000000000000000000000000000000000F1
:106FA0000000000103070F0F1E1E3C3C3C3C1E1E50
:106FB0000F0F0703010000000000000000000000A8
:106FC0000000000000000000000000000001113F70
:106FD0003F0F3F3F1100000000000000000FFFFFC7
:106FE000F8000000000000000000000000000000A9
:106FF000000000000000001FFFFFF0000000000084
:107000000000000000000000000000000000000080
:107010000000000000000000000000000000000070
:107020000000000000000000000000000000000060
:107030000000000000000000000000000000000050
:107040000000000000000000000000000000000040
:1070500000000000000000000000000000F0FFFF42
:107060001F00000000000000000000000000000001
:10707000000000000000000001070F0F0C000000DE
:107080000000000000000000000000000000000000
:1070900000000000000000000000000000000000F0
:1070A00000000000000000000000000000000000E0
:1070B00000000000000000000000000000000000D0
:1070C00000000000000000000000000000000000C0
:1070D00000000000000000000000000C0F0F07017E
:1070E00000000000000000000000000000000000A0
:1070F0000000000000000000000000000000000090
:10710000000000000000000000000000000000007F
:10711000000000000000000000000000000000006F
:10712000000000000000000000000000000000005F
:10713000000000000000000000000000000000004F
:10714000000000000000000000000000000000003F
:10715000000000000000000000000000000000002F
:10716000000000000000000000000000000000001F
:10717000000000000000000000000000000000000F
:1071800000000000000000000000000000000000FF
:1071900000000000000000000000000000000000EF
:1071A00000000000000000000000000000000000DF
:1071B00000000000000000000000000000000000CF
:1071C00000000000000000000000000000000000BF
:1071D00000000000000000000000000000000000AF
:1071E000000000000000000000000000000000009F
:1071F000000000000000000000000000000000008F
:10720000000000000000000000000000000000007E
:10721000000000000000000000000000000000006E
:10722000000000000000000000000000000000005E
:10723000000000000000000000000000000000004E
:10724000000000000000000000000000000000003E
:10725000000000000000000000000000000000002E
:10726000000000000000000000000000000000001E
:10727000000000000000000000000000000000000E
:1072800000000000000000000000000000000000FE
:1072900000000000000000000000000000000000EE
:1072A00000000000000000000000000000000000DE
:1072B00000000000000000000000000000000000CE
:1072C00000000000000000000000000000000000BE
:1072D00000000000000000000000000000000000AE
:1072E000000000000000000000000000000000009E
:1072F000000000808080C0C0C0C0C0C0C0C0C0C08E
:10730000C0C0C0C0E0E0E0E0E0E0E0E0E0E0E0E0FD
:10731000E0E0F0F0F0F020000000000000000000CD
:10732000000000000000000000000000000000005D
:10733000000000000000000000000000000008182D
:107340001858F8F8F8F8F8F8F8F8F8F8F8F8F8F83D
:10735000F8F8F8F8F8F8F8F8F8F8F0F0F0F0F0F0DD
:10736000F0F0F0F0F0F0F00000000000000000008D
:107370000080F3F3FBFBFBFBFBFFFFFFFFFFFFFFC7
:10738000FFFFFFFFFFFFFFFF7D7D7D3D3D3D3D3D5D
:107390003D1D1F1F1F1F1E0E0E0C0C0000000000C5
:1073A00000000000000000000000000000000000DD
:1073B00000000000000000000000000000000000CD
:1073C0003C7EFFFFFFFFFFFFFFFFFFFFFFFFFFFF11
:1073D000FFFFFFFFFFFFFFFFFFFDFDF9F9F9F9F9DF
:1073E000F9F9F1F1F1703000000000000000000038
:1073F00000010100113F3F3F1F1F1F1F1F1F1F1FC5
:107400000F0F0F0F0F0F0F0F0F0F070707070707BC
:107410000707070703030303030000000000808041
:10742000808080808080808080808080808080805C
:10743000808080808080808080800000000000004C
:10744000000000000000000000000000000000003C
:10745000000000000000000000000000000000002C
:10746000000000000000000000000000000000001C
:10747000000000000000000000000000000000000C
:1074800000000000000000000000000000000000FC
:107490000000000000000000000000000000FFFFEE
:1074A00001000000000000000000000000000000DB
:1074B000000000000000000081FFFF00000000004D
:1074C00000000000000000000000000000000000BC
:1074D00000000000000000000000000000000000AC
:1074E000000000000000000000000000000000009C
:1074F000000000000000000000000000000000008C
:10750000000000000000000000000000000000007B
:107510000000000000000000000000000000010169
:10752000010101010101010101010101010101014B
:107530000101FFFF00000003FF0100000000000048
:10754000000000000000000000000000000000003B
:10755000000000000000000000000000000000002B
:10756000000000000000000000000000000000001B
:10757000000000000000000000000000000000000B
:1075800000000000000000000000000000000000FB
:1075900000000000000000000000000000000000EB
:1075A00000000000000000000000000000000000DB
:1075B00000000003030602030100000000000000B9
:1075C00000000000000000000000000000000000BB
:1075D00000000000000000000000000000000000AB
:1075E000000000000000000000000000000000009B
:1075F000000000000000000000000000000000008B
:10760000000000000000000000000000000000007A
:10761000000000000000000000000000000000006A
:10762000000000000000000000000000000000005A
:10763000000000000000000000000000000000004A
:10764000000000000000000000000000000000003A
:10765000000000000000000000000000000000002A
:10766000000000000000000000000000000000001A
:10767000000000000000000000000000000000000A
:1076800000000000000000000000000000000000FA
:1076900000000000000000000000000000000000EA
:1076A00000000000000000000000000000000000DA
:1076B00000000000000000000000000000000000CA
:1076C00000000000000000000000000000000000BA
:1076D00000000000000000000000000000000000AA
:1076E000000000000000000000000000000000009A
:1076F000000000000000000000000000000000008A
:10770000000000000000000000000000008080C0B9
:10771000C0808000000080C0C0C0808000000000E9
:107720000000000000000000000000000000000059
:107730000000000000000000000000008080C0C0C9
:10774000808000000080C0C0C08080000000000079
:107750000000000000000000000000000000000029
:107760000000000000000000000000000000000019
:10777000000000000000000000E0F0F8FCFEFEFE4B
:10778000FEFEFEFCF8F0E0000000003CFFFF83017D
:10779000010303070F0703030101C3FFFF7C000080
:1077A00000000000000000000000000000000000D9
:1077B000000000000000000000007CFFFF830101CA
:1077C0000303070F0703030101C3FFFF3C00000091
:1077D00000E0F0F8FCFEFEFEFEFEFEFCF8F0E0002D
:1077E0000000000000000000000000000000000099
:1077F000000000000000000000070F1F3F7F7F7F98
:107800007F7F7F3F1F0F0700000000000103070F6D
:107810001C3870E0E0E070381C0F07030000000027
:10782000000F3F7FF0E0C08080000000000000807B
:1078300080C0E0F07F3F0F000000000103070F1C35
:107840003870E0E0E070381C0F0703000000000013
:1078500000070F1F3F7F7F7F7F7F7F3F1F0F070046
:107860000000000000000000000000000000000018
:107870000000000000000000000000000000000008
:1078800000000000000000000000000000000000F8
:1078900000000000000000000000000000000000E8
:1078A00000000000000103030307070707070703A1
:1078B00003030100000000000000000000000000C1
:1078C00000000000000000000000000000000000B8
:1078D00000000000000000000000000000000000A8
:1078E0000000000000000000000000000000000098
:1078F0000000000000000000000000000000000088
:107900000000000000000000000000000000000077
:107910000000000000000000000000000000000067
:107920000000000000000000000000000000000057
:107930000000000000000000000000000000000047
:107940000000000000000000000000000000000037
:107950000000000000000000000000000000000027
:107960000000000000000000000000000000000017
:107970000000000000000000000000000000000007
:1079800000000000000000000000000000000000F7
:1079900000000000000000000000000000000000E7
:1079A00000000000000000000000000000000000D7
:1079B00000000000000000000000000000000000C7
:1079C00000000000000000000000000000000000B7
:1079D00000000000000000000000000000000000A7
:1079E0000000000000000000000000000000000097
:1079F0000000000000000000000000000000000087
:107A00000000000000000000000000000000000076
:107A10000000000000000000000000000000000066
:107A20000000000000000000000000000000000056
:107A30000000000000000000000000000000000046
:107A40000000000000000000000000000000000036
:107A50000000000000000000000000000000000026
:107A60000000000000000000000000000000000016
:107A70000000000000000000000000000000000006
:107A800000000000000000000000000000000000F6
:107A900000000000000000000000000000000000E6
:107AA00000000000000000000000000000000000D6
:107AB00000000000000000000000000000000000C6
:107AC00000000000000000000000000000000000B6
:107AD00000000000000000000000000000000000A6
:107AE0000000000000000000000000000000000096
:107AF0000000000000000000000000000000000086
:107B00000000000000000000000000000000000075
:107B10000000000000000000000000000000000065
:107B20000000000000000000000000000000000055
:107B30000000000000000000000000000000000045
:107B40000000000000000000000000000000000035
:107B50000000000000000000000000000000000025
:107B60000000000000000000000000000000000015
:107B70000000000000000000000000000080808085
:107B80008080000000000000000000008080800075
:107B900000000000000000000000000000000000E5
:107BA00000000000000000000000000000000000D5
:107BB00000000000000000000000000000000000C5
:107BC0000000000000000000000000000000008035
:107BD00080808080000000000000000000008080A5
:107BE0008000000000000000000000000000000015
:107BF0000000000000000000183C3E3F1F0F070778
:107C000007070F1F1F1E3C3C3C3C3E3F1F0F070356
:107C100000000000000000000000FCFCFC8C8C8CCC
:107C20008C8C8C8C8C8C8C8C8C8C8C8C8C8C8C8C94
:107C30008C8C8C8C8C8C8C8C8C8C0C0C0CFCFC00B0
:107C400000000000000000000000183C3E3F1F0F35
:107C5000070707070F1F1F1E3C3C3C3C3E3F1F0F02
:107C6000070300000000000000000000000000000A
:107C70000000000000000000000000000000000004
:107C800000000000000000000000000000000000F4
:107C900000000000000000000000010101010101DE
:107CA00001010101010101010101010101010101C4
:107CB000010101010101017F7F7F7070707F7F00F2
:107CC00000000000000000000000000000000000B4
:107CD00000000000000000000000000000000000A4
:107CE0000000000000000000000000000000000094
:107CF0000000000000000000000000000000000084
:107D00000000000000000000000000000000000073
:107D10000000000000000000000000000000000063
:107D20000000000000000000000000000000000053
:107D30000000000000000000000000000000000043
:107D40000000000000000000000000000000000033
:107D50000000000000000000000000000000000023
:107D60000000000000000000000000000000000013
:107D70000000000000000000000000000000000003
:107D800000000000000000000000000000000000F3
:107D900000000000000000000000000000000000E3
:107DA00000000000000000000000000000000000D3
:107DB00000000000000000000000000000000000C3
:107DC00000000000000000000000000000000000B3
:107DD00000000000000000000000000000000000A3
:107DE0000000000000000000000000000000000093
:107DF0000000000000000000000000000000000083
:107E00000000000000000000000000000000000072
:107E10000000000000000000000000000000000062
:107E20000000000000000000000000000000000052
:107E30000000000000000000000000000000000042
:107E40000000000000000000000000000000000032
:107E50000000000000000000000000000000000022
:107E60000000000000000000000000000000000012
:107E700000000080C0C0C080800000000000000042
:107E800000000000000000000000000000000000F2
:107E900000000000000000000000000000000000E2
:107EA00000000000000000000000000000000000D2
:107EB00000000000000000000000000000000000C2
:107EC00000000000000000000000000000000000B2
:107ED00000000000000000000000000000008080A2
:107EE00080C0C0C0C0800000000000000000000092
:107EF000000000010303030707070F0F1E1E1C3CB1
:107F00003C787878F0F0E0E0E0C0C080808000004D
:107F10000000000000000000000000000000000061
:107F20000000000000000000000000000000000051
:107F30000000000000000000000000000000000041
:107F400000000000000000000000008080C0C0C0F1
:107F5000E0E0F0F07078383C3C1E1E0E0F0F070773
:107F60000303030303010000000000000000000001
:107F70000000000000000000000000000000000001
:107F80000000808080C0C0C1C1C3E3E3E7E7FF7F9A
:107F90007F7E7E7C3C3C180000000000000000005A
:107FA00000000000000000000000000000000000D1
:107FB00000000000000000000000000000000000C1
:107FC000000000000000000E0E1F1F1F3F3F3F3942
:107FD000797970F0F0E0E0E0C0C0C0C0808080003F
:107FE0000000000000000000000000000000000091
:107FF00000000000000000081C1C1C1E1E0E0F0FBD
:108000000F0707070303030301010101000000003C
:108010000000000000000000000000000000000060
:1080200000808080808080808080808080808080D0
:1080300080808080808080808080808080000000C0
:108040000000000000000000000000000000000030
:108050000000000000000101010303030387070F74
:108060000F0F0E0E040000000000000000000000D2
:108070000000000080700C0000E0FE06000000E040
:108080007E0F000000C0700C000000000000000027
:1080900000000000000000000000000000000000E0
:1080A000000103030FFFFB83030303030303030325
:1080B00003030303030303FFFF1F03010100000089
:1080C00000000000000000000000000000000000B0
:1080D0004038060000E07F03000080E03E0300001F
:1080E00000E07C0400000000000000000000000030
:1080F0000000000000000000000100000000070375
:10810000000000000201000000000000000000006C
:10811000000000000000000000000000000000005F
:1081200000000000000003070E0C0C0C0C0C0C0CE3
:108130000C0C0C0C0C0E0F070300000000000000DC
:10814000000000000000000000000000000000002F
:108150000000000000010000000007030000000014
:10816000030100000000000000000000000000000B
:1081700000000000000000000000000000000000FF
:1081800000000000000000000000000000000000EF
:1081900000000000000000000000000000000000DF
:1081A00000000000000000000000000000000000CF
:1081B00000000000000000000000000000000000BF
:1081C00000000000000000000000000000000000AF
:1081D000000000000000000000000000000000009F
:1081E000000000000000000000000000000000008F
:1081F000000000000000000000000000000000007F
:10820000000000000000000000000000000000006E
:10821000000000000000000000000000000000005E
:10822000000000000000000000000000000000004E
:10823000000000000000000000000000000000003E
:10824000000000000000000000000000000000002E
:10825000000000000000000000000000000000001E
:10826000000000000000000000000000000000000E
:1082700000000000000000000000000000000000FE
:1082800000000000000000000000000000000000EE
:1082900000000000000000000000000000000000DE
:1082A00000000000000000000000000000000000CE
:1082B00000000000000000000000000000000000BE
:1082C000000000000000000000000000008080802E
:1082D00080C0C0C0C0C0C08080800000000000001E
:1082E000000000000000000000000000000000008E
:1082F000000207070F0F0E1E1E3C3C387878F0F086
:10830000F0E0E0C0C0C0808000000000000000007D
:10831000000000000000000000000000000000005D
:10832000000000000000000000000000000000004D
:1083300000000000000000000000000000000080BD
:10834000C0C0E0F0F0783C3C1E0E0F0F070703039F
:108350000383C3E3F3F3FFFFFFFFFFFFFFFEFEFC1A
:10836000F8F0F0E0C0000000000000000000000095
:1083700000000000000000000000000000000000FD
:108380000001010103838787C7CFCFDEFEFCFCFC21
:10839000FCF87870200000000000000000000000E1
:1083A00000000000000000000000000000000000CD
:1083B00000000000000000000000000000000001BC
:1083C0000303010000000000000000000000006046
:1083D000FEFFFFFFFFFFFFFFFFFFFFFFFFFFFFFFAE
:1083E000FFFFFFFFFFFFFC00000000000000000097
:1083F000000000000030787878383C1C1C1E1E0EEF
:108400000E0F0F0707070703030303010101000015
:10841000000000000000000000000000000000005C
:108420000000000070F0F0F070707070707070708C
:1084300070707070F0F0F0000000000000000000AC
:10844000000000000000000000000000000000002C
:10845000070F3F7F7FFFFFFFFFFFFFFFFFFFFFFFD4
:10846000FFFF7F3F1F070100000000000000000029
:1084700000000000000000000000000000000000FC
:1084800000000000000000000000000000000000EC
:1084900000000000000000000000000000000000DC
:1084A0000000000000077FFFF880000000000000CF
:1084B00000000080FFFF3F000000000000000000FF
:1084C00000000000000000000000000000000000AC
:1084D0000000000000000001010101010101010193
:1084E000000000000000000000000000000000008C
:1084F000000000000000000000000000000000007C
:10850000000000000000000000000000000000006B
:10851000000000000000000000000000000000005B
:1085200000000000000000071F3F383838303030AE
:108530003838381F1F0F0000000000000000000046
:10854000000000000000000000000000000000002B
:10855000000000000000000000000000000000001B
:10856000000000000000000000000000000000000B
:1085700000000000000000000000000000000000FB
:1085800000000000000000000000000000000000EB
:1085900000000000000000000000000000000000DB
:1085A00000000000000000000000000000000000CB
:1085B00000000000000000000000000000000000BB
:1085C00000000000000000000000000000000000AB
:1085D000000000000000000000000000000000009B
:1085E000000000000000000000000000000000008B
:1085F000000000000000000000000000000000007B
:10860000000000000000000000000000000000006A
:10861000000000000000000000000000000000005A
:10862000000000000000000000000000000000004A
:10863000000000000000000000000000000000003A
:10864000000000000000000000000000000000002A
:10865000000000000000000000000000000000001A
:10866000000000000000000000000000000000000A
:1086700000000000000000000000000000000000FA
:1086800000000000000000000000000000000000EA
:1086900000000000000000000000000000000000DA
:1086A00000000000000000000000000000000000CA
:1086B00000000000000000000000000000000000BA
:1086C00000000000000000000000000000000000AA
:1086D000000000000000000000000000000000009A
:1086E000000000000000000000000000000000008A
:1086F000000060707078787878F8F8F8F8F8F8F892
:10870000F8FCFCFCFCFCFCFCFCFCFCFCFCFCDEDEE9
:10871000CEEEEEEEEEEEEEC0C080808000000000F7
:108720000000000000000000000000000000000049
:108730000000000000000000000000000000000336
:10874000839BFBFFFFFFFFFFFFFFFFFFFFFFFFFF1D
:10875000FFFFFFFFFFFFFFFFFF7F7F7F7F3F3F3F69
:108760003F3E3E3E3E3E3E1E000000000000000038
:1087700000303C3E3EFEFFFFFFFFFFFFFFFFFFFF1D
:10878000FFFFFFFFFFFFFFFFFFFFFFEFEFEFE7E759
:10879000E7E7E7E3E3E3E3E3614101010000000011
:1087A00000000000000000000000000000000000C9
:1087B00000000000000000000000000000000000B9
:1087C000030F1F1F1F1F1F1F1F1F1F1F1F3F3F3F85
:1087D0003F3F3F3F3F3F3F3F3F3F3F3F3F3F3F3FA9
:1087E0003F3F3E3E3E3C0C00000000000000000009
:1087F000000000000207070707070707030303033A
:10880000030303030303010101010101010100004E
:108810000000000000000000000000000000000058
:1088200000000000C0C0C0C0C0C0C0C0C0C0C0C048
:10883000C0C0C0C0C0C0C0000000000000000000F8
:108840000000000000000000000000000000000028
:108850000000000000000000000000000000000018
:108860000000000000000000000000000000000008
:1088700000000000000000000000000000000000F8
:1088800000000000000000000000000000000000E8
:1088900000000000000000000000000000000000D8
:1088A00000000000011FFFFFE101010101010101C2
:1088B00001010101FFFFFF000000000000000000B7
:1088C00000000000000000000000000000000000A8
:1088D0000000000000000000000000000000000098
:1088E0000000000000000000000000000000000088
:1088F0000000000000000000000000000000000078
:108900000000000000000000000000000000000067
:108910000000000000000000000000000000000057
:10892000000000000000011F7FFEE0E0E0C0C0C0CA
:10893000E0E0E07E7F3F000000000000000000005B
:108940000000000000000000000000000000000027
:108950000000000000000000000000000000000017
:108960000000000000000000000000000000000007
:1089700000000000000000000000000000000000F7
:1089800000000000000000000000000000000000E7
:1089900000000000000000000000000000000000D7
:1089A00000000000000000000000000000000000C7
:1089B00000000000000000000000000000000000B7
:1089C00000000000000000000000000000000000A7
:1089D0000000000000000000000000000000000097
:1089E0000000000000000000000000000000000087
:1089F0000000000000000000000000000000000077
:108A00000000000000000000000000000000000066
:108A10000000000000000000000000000000000056
:108A20000000000000000000000000000000000046
:108A30000000000000000000000000000000000036
:108A40000000000000000000000000000000000026
:108A50000000000000000000000000000000000016
:108A60000000000000000000000000000000000006
:108A700000000000000000000000000000000000F6
:108A800000000000000000000000000000000000E6
:108A900000000000000000000000000000000000D6
:108AA00000000000000000000000000000000000C6
:108AB00000000000000000000000000000000000B6
:108AC00000000000000000000000000000000000A6
:108AD0000000000000000000000000000000000096
:108AE0000000000000000000000000000000000086
:108AF0000000000000000000000000000000000076
:108B00000000000000000000000000000000000065
:108B100000C0F0F83C3C7CF8E08000000000000061
:108B20000000000000000000000000000000000045
:108B3000000000000000000000000000000080C0F5
:108B4000F07C3C3C7CF0E080000000000000000075
:108B50000000000000000000000000000000000015
:108B60000000000000000000000000000000000005
:108B70000000000000000000006060606060606055
:108B80006060606060606060606000000000000E17
:108B90000F0701000000000103070F0C0000000098
:108BA0008080000000000000000000808080000045
:108BB000000000000000008080000000000E0F0791
:108BC000010000000001030F0E0C00000000006017
:108BD0006060606060606060606060606060606095
:108BE0000000000000000000000000000000000085
:108BF00000000000000000000060606060606060D5
:108C000060606060606060606060000000000000A4
:108C10000000000000000000000000000000000054
:108C2000073F78E0C0C0C0703C1E07030103071E69
:108C30003C70C0C0C0E0783F0700000000000000AA
:108C400000000000000000000000000000000060C4
:108C50006060606060606060606060606060606014
:108C60000000000000000000000000000000000004
:108C700000000000000000000000000000000000F4
:108C800000000000000000000000000000000000E4
:108C900000000000000000000000000000000000D4
:108CA00000000000000000000000000000000000C4
:108CB00000000000000000000000000000000000B4
:108CC00000000000000000000000000000000000A4
:108CD0000000000000000000000000000000000094
:108CE0000000000000000000000000000000000084
:108CF0000000000000000000000000000000000074
:108D00000000000000000000000000000000000063
:108D10000000000000000000000000000000000053
:108D20000000000000000000000000000000000043
:108D30000000000000000000000000000000000033
:108D40000000000000000000000000000000000023
:108D50000000000000000000000000000000000013
:108D60000000000000000000000000000000000003
:108D700000000000000000000000000000000000F3
:108D800000000000000000000000000000000000E3
:108D900000000000000000000000000000000000D3
:108DA00000000000000000000000000000000000C3
:108DB00000000000000000000000000000000000B3
:108DC00000000000000000000000000000000000A3
:108DD0000000000000000000000000000000000093
:108DE0000000000000000000000000000000000083
:108DF0000000000000000000000000000000000073
:108E0000000000000080C06020301008080C04043E
:108E1000060202020202020202020202020202022E
:108E20000202020202020202020202020101010126
:108E30000101010202020604040C08081810306047
:108E40004040C08000000000000000000000000062
:108E50000000000000000000000000000000000012
:108E60000000000000000000000000000000000002
:108E70000000000000000000C070180C0701000096
:108E800000000000000000000000000000000000E2
:108E900000000000000000000000000000000000D2
:108EA00000000000000000000000000000000000C2
:108EB00000000000000000000000000101020206A6
:108EC0000C1830E0800000000000000000000000EE
:108ED0000000000000000000000000000000000092
:108EE0000000000000000000000000000000C07C46
:108EF0000300000000000000000000C0C0C0E0E06F
:108F0000E0E0E0C0C0C0C0808000000000000000C1
:108F100000000000000000000000000000000080D1
:108F2000C0E0E0F0F0F0F8F8F8F8F8F8F8F8F8F841
:108F3000F0F0F0E0E0C08000000000000103061C3B
:108F400070C00000000000000000000000000000F1
:108F50000000000000000000000000000000000011
:108F6000000000000000FF0000000000C0E070787A
:108F70007EFFFFFFFFFFFFFFFF7F7F7F7FFFFFFF82
:108F8000FFFFFEFEFCF8F0E0E080000000000000C3
:108F9000000000E0F8FC3F1F1F3F7FFFFFFFFFFFC7
:108FA000FFFFFFFFFFFFFFFFFFFFFFFFFFFFFFFFD1
:108FB000FFFCF8E0000000000003FE0000000000DD
:108FC00000000000000000000000000000000000A1
:108FD0000000000000000000000000000000FF0092
:108FE0000000183F3F3F3C1C0E0707030101000033
:108FF00000000000000000010101010303030F1F36
:109000003F3F3E380000000000000E7F7F1E1C0C1A
:109010000C06060301010101010101010101010129
:10902000010303070F1F3F3F7F7F7F7F3F0000004B
:1090300000007FC0000000000000000000000000F1
:109040000000000000000000000000000000000020
:10905000000000000000FF00000000000078800019
:109060000000000000000000000000000000000000
:1090700000000000000000000000000000000000F0
:1090800000000000000000000000000000000000E0
:1090900000000000000000000000000000000000D0
:1090A000C060000000000000000000FF00000000A1
:1090B00000000000000000000000000000000000B0
:1090C0000000000000000000000000000000037E1F
:1090D000C0000000000001061860C0800000000011
:1090E0000000000000000000000000000000000080
:1090F0000000000000000000000000000000000070
:10910000000000000000000000000000000000005F
:109110000000000080E0380E0300000000000000A6
:109120000000FF0000000000000000000000000040
:10913000000000000000000000000000000000002F
:109140000000000000000000031EE080000000009E
:10915000000000030E1830206040C08000000000B6
:1091600000000000000000000000000000000000FF
:1091700000000000000000000000000000000000EF
:1091800000000000000080C060380C0301000000F7
:1091900000000000000000C0780F00000000000088
:1091A00000000000000000000000000000000000BF
:1091B00000000000000000000000000000000000AF
:1091C000000000030E183060C080000000000000A6
:1091D0000000000101030202060404040408080858
:1091E00008080808080808080808080818101010D7
:1091F0001808080808080808080404040603010001
:1092000000000000000000000080C060301C06016B
:10921000000000000000000000000000000000004E
:10922000000000000000000000000000000000003E
:10923000000000000000000000000000000000002E
:1092400000010101030202020404040408080808E2
:1092500008080808181010101010103020202020C6
:1092600020202020202020202020202020202020FE
:1092700020202020202030101018080804040602A6
:1092800003010000000000000000000000000000DA
:1092900000000000000000000000000000000000CE
:1092A00000000000000000000000000000000000BE
:1092B00000000000000000000000000000000000AE
:1092C000000000000000000000000000000000009E
:1092D000000000000000000000000000000000008E
:1092E000000000000000000000000000000000007E
:1092F000000000000000000000000000000000006E
:10930000000000000000000000000000000000005D
:10931000000000000000000000000000000000004D
:10932000000000000000000000000000000000003D
:1093300000000000000000000000C0E0E0C0C0C06D
:10934000808080800000000000000000000000001D
:10935000000000000000000000000000000000000D
:1093600000000000000000000000000000000000FD
:10937000000000000080C0C0E0E0F0F0F87838386D
:1093800000000000000000000000000000000000DD
:1093900000000000000000000000000000000000CD
:1093A00000000000000000000000000000000000BD
:1093B0000000000000000000000000010303070798
:1093C0000F0F0F1F1F1F1E3C3EFEFCFCF8F8F0F0B5
:1093D000E0C00000000000000000000000000000ED
:1093E000000000000000000080C0E0E0F0F8F8FCA1
:1093F000FCFC7E3F3F1F0F07070301010000000038
:10940000000000000000000000000000000000005C
:10941000000000000000000000000000000000004C
:10942000000000000000000000000000000000003C
:109430000000000000000000000080C0C0E0E0F07C
:10944000F0F8FCFCFCFEFEFFFF7F3F3F1F1F0F0FED
:109450000703000000000000000000000000000002
:10946000000000000000000003070F1F1F3F3F7FA8
:10947000FFFEFCFCF8F8F0F0E0E0C0C080800000E7
:1094800000000000000000000000000000000000DC
:1094900000000000000000000000000000000000CC
:1094A00000000000000000000000000000000000BC
:1094B00000000000000000000E1F1F3F1F1F0F0FC5
:1094C000070707030301010000000000000000007F
:1094D000000000000000000000000000000000008C
:1094E000000000000000000000000000000000007C
:1094F00000000001010307070F0F1F3F3F3F3F3EE2
:109500007E7C300000000000000000000000000031
:10951000000000000000000000000000000000004B
:10952000000000000000000000000000000000003B
:10953000000000000000000000000000000000002B
:10954000000000000000000000C0E0F0F0F070102B
:10955000000000000000000000000000000000000B
:109560000000000000000000001038F8F0F0E0807B
:1095700000000000000000000000000000000000EB
:1095800000000000000000000000000000000000DB
:1095900000000000000000000000000000000000CB
:1095A00000000000000000000000000000000000BB
:1095B00000000000000000000000000000000000AB
:1095C00000000000000000001F7FFFFFFFF0E0C070
:1095D000C0C0C0E0E0F0F0FCFC7E7E7F7EFCFCF8CA
:1095E000F0E0C0C0C0C0C0C0E0E0F0F8FFFFFF3F47
:1095F0000E0000000000000000000000000000005D
:10960000000000000000000000000000000000005A
:10961000000000000000000000000000000000004A
:10962000000000000000000000000000000000003A
:10963000000000000000000000000000000000002A
:10964000000000000000000000000001010303030F
:1096500003030303030301000000000000010103F2
:1096600003030707070707070707070303010000AE
:1096700000000000000000000000000000000000EA
:1096800000000000000000000000000000000000DA
:1096900000000000000000000000000000000000CA
:1096A00000000000000000000000000000000000BA
:1096B00000000000000000000000000000000000AA
:1096C000000000008080808080000000000000001A
:1096D000000000000000000000000000000000008A
:1096E00000000000000000000000000000000080FA
:1096F000808080800000000000000000000000006A
:109700000000000000000000000000000000000059
:109710000000000000000000000000000000000049
:109720000000000000000000000000000000000039
:10973000000000000000000000E0F0F8FC0E06074A
:10974000030303030303030307078FBFFEFCFCF8B7
:1097500060000000000000000000000000000000A9
:109760000000000040E0F8F8FC1C0E0607070707A1
:10977000070707070F1F3FFFFEFCFCF8F0C00000C3
:1097800000000000000000000000000000000000D9
:1097900000000000000000000000000000000000C9
:1097A00000000000000000000000000000000000B9
:1097B0000000404040404040602123070F1E1C1C19
:1097C0009C9C1C1C1C1C1C9CDEFFFF3F1F070301F4
:1097D0000000000000000000000000000000000089
:1097E0000000000000070F1F3F7F7EFEFCFCFCF81E
:1097F000B83C383C3C1C3E3F9F8F8F878300001055
:109800003020604000000000000000000000000068
:109810000000000000000000000000000000000048
:109820000000000000000000000000000000000038
:109830000000000000000000000002020303030F0C
:109840000D0C0E060703020001010000000000805D
:10985000E0F0F83838383838383838383C7C7838E0
:10986000383838F8F0C000000000000000010101A5
:1098700001030304060606060604050101010000B3
:1098800000000000000000000000000000000000D8
:1098900000000000000000000000000000000000C8
:1098A00000000000000000000000000000000000B8
:1098B00000000000000000000000000000000000A8
:1098C000000000000000000000000080F0F87F7F32
:1098D000FF3F030000000000000000000000000047
:1098E000000000DFFFFFFFF8C000000000000000E4
:1098F0000000000000000000000000000000000068
:109900000000000000000000000000000000000057
:109910000000000000000000000000000000000047
:109920000000000000000000000000000000000037
:109930000000000000000000000000000000000027
:10994000000000000000000000C0FEFFFFFFFF7FDE
:109950003F181C1C1C1C0C0C0C0C18181C1C1C1C70
:109960001C3C3C3CFFFFFFFFFFF00000000000003C
:1099700000000000000000000000000000000000E7
:1099800000000000000000000000000000000000D7
:1099900000000000000000000000000000000000C7
:1099A00000000000000000000000000000000000B7
:1099B00000000000000000000000000000000000A7
:1099C000000000000000000000FFFFFFFF7F1F00FD
:1099D0000000000000000000000000000000000087
:1099E00000000000043FFFFFFFFF0C00000000002C
:1099F0000000000000000000000000000000000067
:109A00000000000000000000000000000000000056
:109A10000000000000000000000000000000000046
:109A20000000000000000000000000000000000036
:109A30000000000000000000000000000000000026
:109A400000000000000000000001010303070706FA
:109A50000E0E0E0E0E1C1C1C1C1C1C1C1C1C1E1E88
:109A60001C1E1E0E0E0E0707030100000000000062
:109A700000000000000000000000000000000000E6
:109A800000000000000000000000000000000000D6
:109A900000000000000000000000000000000000C6
:109AA00000000000000000000000000000000000B6
:109AB00000000000000000000000000000000000A6
:109AC0000000000000000000000000000000000096
:109AD0000000000000000000000000000000000086
:109AE0000000000000000000000000000000000076
:109AF0000000000000000000000000000000000066
:109B00000000000000000000000000000000000055
:109B10000000000000000000000000000000000045
:109B20000000000000000000000000000000000035
:109B300000000000000000000000000000000080A5
:109B400080C0C0C0C0C0C080000000000000000095
:109B50000000000000000000000000000000000005
:109B600000000000000000000000008080C0C0E095
:109B7000F07078383800000000000000000000009D
:109B800000000000000000000000000000000000D5
:109B900000000000000000000000000000000000C5
:109BA00000000000000000000000000000000000B5
:109BB000000000000000000000000070FCFFFFFF3C
:109BC000FFFFFFFFFFFFFFFFFFFFFC700000000033
:109BD0000000000000000000000000000000000085
:109BE0000040E0F0F0F8FCFCDECEC7878301010006
:109BF0000000000000000000000000000000000065
:109C00000000000000000000000000000000000054
:109C10000000000000000000000000000000000044
:109C20000000000000000000000000000000000034
:109C30000000000000000000000000808103070F0A
:109C40000F0F1F1F1F0F0F0F07070100000000005D
:109C50000000000000000000000000000000000004
:109C6000000000000101010303030707070F0F0FA6
:109C70001E1E3E3E0E060400000000000000000014
:109C800000000000000000000000000000000000D4
:109C900000000000000000000000000000000000C4
:109CA00000000000000000000000000000000000B4
:109CB000000000000000000C0E07070F3F3E3818A0
:109CC0001C0E0E0E1C383020000000000000C0C02A
:109CD000E0E0E0E0E0606060606060606060606004
:109CE00060707060E0E0C000000000181C0E0E07FD
:109CF000071E3C38381C0E0606060606060C1C1C01
:109D00001E0700000000000000000000000000002E
:109D10000000000000000000000000000000000043
:109D20000000000000000000000000000000000033
:109D30000000000000000000000000000000000023
:109D400000000000000000000000000000001FFFF5
:109D5000FFE0000000000000000000000000000024
:109D6000000000E0FFFF1F000000000000000000F6
:109D700000000000000000000000000000000000E3
:109D800000000000000000000000000000000000D3
:109D900000000000000000000000000000000000C3
:109DA00000000000000000000000000000000000B3
:109DB00000000000000000000000000000000000A3
:109DC0000000000000000000000000000000000192
:109DD000070F1F3C38387070707060607070707062
:109DE000381C1F0F030000000000000000000000EE
:109DF0000000000000000000000000000000000063
:109E00000000000000000000000000000000000052
:109E10000000000000000000000000000000000042
:109E20000000000000000000000000000000000032
:109E30000000000000000000000000000000000022
:109E40000000000000000000000000000000000012
:109E50000000000000000000000000000000000002
:109E600000000000000000000000000000000000F2
:109E700000000000000000000000000000000000E2
:109E800000000000000000000000000000000000D2
:109E900000000000000000000000000000000000C2
:109EA00000000000000000000000000000000000B2
:109EB00000000000000000000000000000000000A2
:109EC0000000000000000000000000000000000092
:109ED0000000000000000000000000000000000082
:109EE0000000000000000000000000000000000072
:109EF0000000000000000000000000000000000062
:109F00000000000000000000000000000000000051
:109F10000000000000000000000000000000000041
:109F20000000000000000000000000000000000031
:109F30000000000000000000000000000000000021
:109F40000000000000000000000000000000000011
:109F50000000000000000000000000000000000001
:109F600000000000000000000000000000000000F1
:109F700000000000000000000000000000000000E1
:109F800000000000000000000000000000000000D1
:109F900000000000000000000000000000000000C1
:109FA0000000000000000000000000000C1C3E3E0D
:109FB0003E3E3E3E3F3F3F3F3F3F3F3F3F3F3F3FB5
:109FC0003F3F3F3F3F3F3F3F3F3F1E1E0C000000D3
:109FD0000000000000000000000000000000000081
:109FE0000000000000000000001E1F3F3F3F3F3FF9
:109FF0003F3F3F3F3F3F3F3F3F3F3F3F3F3F3F3F71
:10A000003F3F3E3E3E3E3E3E1C0000000000000042
:10A010000000000000000000000000000000000040
:10A020000000000000000000000000000000000030
:10A030000000000000000000000000000000000020
:10A040000000000000000000000000000000000010
:10A050000000000000000000000000000000000000
:10A0600000000000000000000000000000000000F0
:10A0700000000000000000000000000000000000E0
:10A0800000000000000000000000000000000000D0
:10A0900000000000000000000000000000000000C0
:10A0A00000000000000000000000387C7C7CFCFC0C
:10A0B000FCFCFCFCFCFCFC7C7C7C383000000000E0
:10A0C0000000000000000000000000000000000090
:10A0D0000000000000000000000000000000000080
:10A0E0000000000000000000000000000000000070
:10A0F0000000000000000000000000000038787C34
:10A100007CFCFCFCFCFCFCFCFCFC7C7C7C3800004B
:10A11000000000000000000000000000000000003F
:10A12000000000000000000000000000000000002F
:10A130000000000000000000000000000000C0E07F
:10A14000F0F0F0E0E0C0C08080808080808080807F
:10A15000808080C0C0E0F8FEFFFFFFFFFFFFFEFC35
:10A16000E0C0C0808080808080808080808080C0CF
:10A17000C0E0E0F0F0F0E0C00000000000000000EF
:10A1800000000000000000000000000000000000CF
:10A1900000000000000000000000000000000000BF
:10A1A00000000000000000000000000000000000AF
:10A1B000000000000000000000000000000000019E
:10A1C000030707070F0F0F1F1F1F1F1F1F1F1F1F33
:10A1D0001F1F1F0F0F0F07070703010103030707C7
:10A1E0000F0F0F1F1F1F1F1F1F1F1F1F1F1F1F0FBF
:10A1F0000F0F07070303010000000000000000002C
:10A20000000000000000000000000000000000004E
:10A21000000000000000000000000000000000003E
:10A22000000000000000000000000000000000002E
:10A23000000000000000000000000000000000001E
:10A24000000000000000000000000000000000000E
:10A2500000000000000000000000000000000000FE
:10A2600000000000000000000000000000000000EE
:10A2700000000000000000000000000000000000DE
:10A2800000000000000000000000000000000000CE
:10A2900000000000000000000000000000000000BE
:10A2A00000000000000000000000000000000000AE
:10A2B00000000000000000000080C0E0F0F07878AE
:10A2C00038383C1C1C1C1C1C1C1C3C38387870F09A
:10A2D000F0E0C0C0800000000000000000000000AE
:10A2E0000080C0E0E0F0F07078383838383838381E
:10A2F0003838387070F0E0E0C080000000000000E6
:10A30000000000000000000000000000000000004D
:10A31000000000000000000000000000000000003D
:10A32000000000000000000000000000000000002D
:10A330000000000000000000070707030000000005
:10A34000000000000000000000000000000000000D
:10A3500000010307030200000000000000000000ED
:10A3600003030301010000000000000000000000E2
:10A3700000000000000001030707070600000000BE
:10A3800000000000000000000000000000000000CD
:10A3900000000000000000000000000000000000BD
:10A3A00000000000000000000000000000000000AD
:10A3B00020787818003878300000F0F8F83818382D
:10A3C00078F0E0E08000000080C0C0E0F070303045
:10A3D000F0F0E0C0000000000000000000000000FD
:10A3E000000000000000000000000000000000006D
:10A3F000000000F0F0F00000307070F0600000101D
:10A4000038F8F0E00000000000000000000000004C
:10A41000000000000000000000000000000000003C
:10A42000000000000000000000000000000000002C
:10A430000000000000000080C0E0E3FF7F7F78F0B4
:10A44000E000030F1F1F1E0F07C3E1F0F8FCFCFE26
:10A45000BF3F7B717070F0F0F0E0E0E0E0E0E0E042
:10A46000E0E0F070707070F0F0F0F03838381C1CDC
:10A470001C1C1C1C1C38F8F0F080000000000000C0
:10A4800000000000000000000000000000000000CC
:10A4900000000000000000000000000000000000BC
:10A4A00000000000000000000000000000000000AC
:10A4B000000000000000001F3F7F79F0E0C0C08076
:10A4C00080808080808080808080C0C0E0E0FFFF4E
:10A4D000BF8E80F0FCFF3F0300000000000000FF83
:10A4E000FFFF00000000000001030F3FFEF8F0C076
:10A4F000C0E0E0707C3E1F0F07000000000000007D
:10A50000000000000000000000000000000000004B
:10A51000000000000000000000000000000000003B
:10A52000000000000000000000000000000000002B
:10A530000000000000000000000000000001010118
:10A5400001030303030303030303010101010303E5
:10A550000303070707070707060E0E0E0E0E0E0F62
:10A560000F0F0E0C0C0E0E0E0E0E07070703030145
:10A5700001010000000000000000000000000000D9
:10A5800000000000000000000000000000000000CB
:10A5900000000000000000000000000000000000BB
:10A5A00000000000000000000000000000000000AB
:10A5B000000000000000000000000000000000009B
:10A5C0000000000000000000081878F0E0E070389B
:10A5D000181C8CE0F0F0B0F0E0C00000C0E0E060DB
:10A5E000E0E0C0800000FCFCFCC0C0C080000000B7
:10A5F000000000000000000000000000000000005B
:10A60000000000000000000000000000000000004A
:10A61000000000000000000000000000000000003A
:10A62000000000000000000000000000000000002A
:10A63000000000000000000000000000000000001A
:10A640000000000000000000000000001F1F0000CC
:10A6500000000307070F0F0D0C0C0400070F0D0C73
:10A660000F070707060E0F0F0301030F0F0400006B
:10A6700000000000000000000000000000000000DA
:10A6800000000000000000000000000000000000CA
:10A6900000000000000000000000000000000000BA
:10A6A00000000000000000000000000000000000AA
:10A6B000000000000000000000000000000000009A
:10A6C000000000000000000000000000000000008A
:10A6D000000000000000000000000000000000007A
:10A6E000000000000000000000000000000000006A
:10A6F000000000000000000000000000000000005A
:10A700000000000000000000000000000000000049
:10A710000000000000000000000000000000000039
:10A720000000000000000000000000000000000029
:10A7300000008080C0C0C0C0E0E0E0E0C0C0C0C099
:10A740008080000000000000000000000000000009
:10A7500000000000000000000000000000000000F9
:10A7600000000000000000000000000000000000E9
:10A77000000000008080C0C0C0C0E0E0E0E0E0C0B9
:10A78000C0C0C08080000000000000000000000089
:10A7900000000000000000000000000000000000B9
:10A7A000000000000000000000000000E0F8FCFED7
:10A7B0003F0F07070301010101010101010101032D
:10A7C00003070F1F7EFCF8F0C0000000000000002F
:10A7D0000000000000000000000000000000000079
:10A7E0000000000000000000000000000000C0F0B9
:10A7F000FCFE3E1F0F0703030101010101010101DE
:10A80000010303070F1F3EFEFCF0C0000000000024
:10A810000000000000000000000000000000000038
:10A820000000000000000000000000023FFFFFF8F1
:10A83000E0800000000000000000000000000000B8
:10A84000000080C0F0FFFF7F0F000080E0F0F87E86
:10A850003F1F8FC2E0F8FC7E3F0F87C0E0F8FC7E10
:10A860003F0F87C0F0F8FC3E1F0F060000003F7F3F
:10A87000FFFFE0800000000000000000000000007A
:10A880000000000000C0E0FFFF7F1F00000000008C
:10A8900000000000000000000000000000000000B8
:10A8A00000000000000000000000000000000103A4
:10A8B00007070F0E1E1C1C1C3C3C3C3C3C1C1C1E79
:10A8C0000E0F0F0703010000000007070703010038
:10A8D0000002070703010000000207070301000050
:10A8E0000003070703010000000000000000000053
:10A8F000010307070F0F1E1E1C1C3C3C3C3C3C1C6C
:10A900001C1E1E0F0F0707030100000000000000BF
:10A910000000000000000000000000000000000037
:10A920000000000000000000000000000000000027
:10A930000000000000000000000000000000000017
:10A94000000000000000F8FCFEBE0E000000000049
:10A950000000000000000080E0F8FEFEBE000000E5
:10A96000000000000000000000000000CEFFFEFE1E
:10A9700000000000000000000000000000000000D7
:10A9800000000000000000000000000000000000C7
:10A9900000000000000000000000000000000000B7
:10A9A00000000000000000000000000000000000A7
:10A9B0000000000000000000000000000000000097
:10A9C00000000000000003070F1F1E1C3C38383831
:10A9D0003C3C1C1E1E0F0F07030303070F0F1E1C1A
:10A9E0001C3C3C3838383C3C1C1E1E0F0F07030033
:10A9F0000000000000000000000000000000000057
:10AA00000000000000000000000000000000000046
:10AA10000000000000000000000000000000000036
:10AA20000000000000000000000000000000000026
:10AA30000000000000000000000000000000000016
:10AA40000000000000000000000000000000000006
:10AA500000000000000000000000000000000000F6
:10AA600000000000000000000000000000000000E6
:10AA700000000000000000000000000000000000D6
:10AA800000000000000000000000000000000000C6
:10AA900000000000000000000000000000000000B6
:10AAA00000000000000000000000000000000000A6
:10AAB0000000000000000000000000000000000096
:10AAC0000000000000000000000000000000000086
:10AAD0000000000000000000000000000000000076
:10AAE00000000000000000000000000000000080E6
:10AAF000C0E0F0F8F838000000000000000000009E
:10AB00000000000000000000000000000000000045
:10AB10000000000000000000000000000000000035
:10AB20000000000000000000000000000000000025
:10AB30000000000000000000020207070E0E0E1EBB
:10AB40001E3E3E7C7C7CF8F0F0F0E0C0800000000F
:10AB500000000000000000000000000000000000F5
:10AB600000000000808080C0E0F0F8FCFEFE3F3F67
:10AB70001F0F07010100000000000000000000009E
:10AB800000000000000000000000000000000000C5
:10AB900000000000000000000000000000000000B5
:10ABA0000000000000000000000000000000008025
:10ABB0008080808080808080808080800000000095
:10ABC00000000000000001010307070F0F0F06003F
:10ABD0000000000000000000000000000000000075
:10ABE000030307070707070703030101808080802D
:10ABF000C0C0C0C0C0E0E0E0E0E0E0F0F0F0F0F0A5
:10AC00007070200000000000000000000000000044
:10AC10000000000000000000000000000000000034
:10AC20000000000000000000000000000000000321
:10AC300003030707070F0F0F0F0F0F0F0F1F1F1F24
:10AC40001F3F1F1F1F1F3F3F3F3E3E1E1C0C0000AB
:10AC500000000000000000000000000000000000F4
:10AC600000000000183E3E3E3F3F3F3F3F3F1F1F5A
:10AC70001F0F0F0707070707030303010101000068
:10AC800000000000000000000000000000000000C4
:10AC900000000000000000000000000000000000B4
:10ACA00000000000000000000000000000000000A4
:10ACB00000E0F0F8F8FCFEFEFEFEDE0E0E0C0000DA
:10ACC0000000000000000000000000000000000084
:10ACD0000000000000000000000000000000000074
:10ACE0000000000000000000000000000000000064
:10ACF0000000000000000000000000000000000054
:10AD00000000000000000000000000000000000043
:10AD10000000000000000000000000000000000033
:10AD20000000000000000000000000000000000023
:10AD30000001030707030103071F3FFFFEF8F0E0D0
:10AD4000C0C0800000000000000000000000000003
:10AD500000000000000000000000000000000000F3
:10AD600000000000000000000000000000000000E3
:10AD700000000000000000000000000000000000D3
:10AD800000000000000000000000000000000000C3
:10AD900000000000000000000000000000000000B3
:10ADA00000000000000000000000000000000000A3
:10ADB0000000000000000000000000000101030787
:10ADC0000F0F1F1F3F7E7E7CF8F8F8F8F0F0F0F0D0
:10ADD000E0E0E0E0E0E0E0E0E0E0E0E0E0E0E0E073
:10ADE000E0E0E0E0E0E0E0E0E0F0F0E0F0F0F0F8FB
:10ADF000F8F8F8FCFC7C7C3C180000000000000027
:10AE00000000000000000000000000000000000042
:10AE10000000000000000000000000000000000032
:10AE20000000000000000000000000000000000022
:10AE30000000000000000000000000000000000012
:10AE400000000000000000000000000001010101FE
:10AE500001010303030303030307070703030303BA
:10AE600003030303030303030303030303030101B6
:10AE700001010000000000000000000000000000D0
:10AE800000000000000000000000000000000000C2
:10AE900000000000000000000000000000000000B2
:10AEA00000000000000000000000000000000000A2
:10AEB00000000000041C1C3C3870E0F0F0E0E0C032
:10AEC000C080000000000000000080C0E0E0E0E082
:10AED0000000000000000000000000000000000072
:10AEE0000000808080800000000000000000000062
:10AEF000008080C0C0E0E0E0F0F0F8F8F87878007A
:10AF00000000000000808080808080808000000041
:10AF10000000000000000000000000000000000031
:10AF20000000000000061EFFFEFECE1E1C1E1E1CA2
:10AF30001E3C3C3C3C383838383838393173777FE0
:10AF40007F7F7F7F7F7E7C7CFCFFFFFFFF0F030105
:10AF500000000000000000000000000000000000F1
:10AF6000000003031F3F3FFEFCF8FCFC7C7E7E7F5D
:10AF70007F7F7F7F3F3F3F3F3F3D3D3C1C1C1E1E70
:10AF80001E0F0F0F0F0F8FC7F7FFFFFF010000000D
:10AF900000000000000000000000000000000000B1
:10AFA00000000000000000000307071F3E7C78F04F
:10AFB000E0E0C0C0C080808080808080808080C0D1
:10AFC000C0E0E0F0F8F8FC7E7F3F1F0F07000000B4
:10AFD0000000000000000000000000000000000071
:10AFE0000000000000000001033F7FFCF0F0E0E003
:10AFF000C0C0C0C080C0C0C0C0C0C0C0C0E0E0E031
:10B00000F0F0F8FCFCFC7D3F1F1F03010000000076
:10B010000000000000000000000000000000000030
:10B020000000000000000000000000000000000020
:10B0300001010303030705070707070707070707BA
:10B04000030703030101000000008000000000006E
:10B0500000000000000000000000000000000000F0
:10B06000000000000000000000808080000101035B
:10B070000303070707070707070707070303030378
:10B0800001010101000000000000000000000000BC
:10B0900000000000000000000000000000000000B0
:10B0A00000000000000000000000000000000000A0
:10B0B0000000000000000000000000000000000090
:10B0C000000000000000000000000FDFFCFC7878AA
:10B0D00070707078787C3C3E1F1F0E1E3C3C3C7CA0
:10B0E00078787878FCFCFE3F3F1F030300000000E7
:10B0F0000000000000000000000000000000000050
:10B10000000000000000000000000000000000003F
:10B11000000000000000000000000000000000002F
:10B12000000000000000000000000000000000001F
:10B13000000000000000000000000000000000000F
:10B14000000000000000000080E0FEFFFB000000A7
:10B1500000000000000000000000000000000000EF
:10B16000000000000FFFFFFEF8C00000000000001C
:10B1700000000000000000000000000000000000CF
:10B1800000000000000000000000000000000000BF
:10B1900000000000000000000000000000000000AF
:10B1A000000000000000000000000000000000009F
:10B1B000000000000000000000000000000000008F
:10B1C00000000000000000D8FFFFFFFF0F0000009C
:10B1D000000000000000000000000000000000006F
:10B1E00000000000007FFFFFFFFFFC0000000000E8
:10B1F000000000000000000000000000000000004F
:10B20000000000000000000000000000000000003E
:10B21000000000000000000000000000000000002E
:10B22000000000000000000000000000000000001E
:10B23000000000000000000000000000000000000E
:10B24000000000000000000F1F1F1F1F1E1F1F1FF8
:10B250001F1F1F1F1F1F1F1F3F1F1F1F1F1F1F1FDE
:10B260001F1F1F1F1E1E1F0F0F0F070000000000D3
:10B2700000000000000000000000000000000000CE
:10B2800000000000000000000000000000000000BE
:10B2900000000000000000000000000000000000AE
:10B2A000000000000000000000000000000000009E
:10B2B000000000000000000000000000000000008E
:10B2C000000000000000000000000000000000007E
:10B2D000000000000000000000000000000000006E
:10B2E000000000000000000000000000000000005E
:10B2F000000000000000000000000000000000004E
:10B30000000000000000000000000000000000003D
:10B31000000000000000000000000000000000002D
:10B32000000000000000000000000000000000001D
:10B33000000000000000000080E0E0F07838381CD9
:10B340001C1C1C1C3C3878F0E0C080000000000091
:10B3500000000000000000000000000000000000ED
:10B36000000000000000000000000000000080C09D
:10B37000E0F0707838381C1C1C383878F0F0E0C0E9
:10B38000800000000000000000000000000000003D
:10B3900000000000000000000000000000000000AD
:10B3A000000000000000000000000000000000009D
:10B3B00000000000000000001F7FFFF9E0C0808057
:10B3C0008080808080C0E0F9FF7F1F0000000000C7
:10B3D000000000000000000000000000000000006D
:10B3E00000000000000000000000000000003F7F9F
:10B3F000FFF1E0C080800000008080C0E0F1FF7FAE
:10B400003F000000000000000000000000000000FD
:10B41000000000000000000000000000000000002C
:10B42000000000000000000000000000000000001C
:10B430000000000000000000000000010103030301
:10B4400003030303030301000000000000000000E9
:10B4500000000000000000000000000000000000EC
:10B4600000000000000000000000000000000000DC
:10B4700000010103030303070303030301010000A9
:10B4800000000000000000000000000000000000BC
:10B4900000000000000000000000000000000000AC
:10B4A0000000000000000000000000000080E0FC40
:10B4B000FC7C3C387870F0E0E0E0C0C0C0808000E8
:10B4C000000000000000000000000000000000007C
:10B4D000000000000000000000000000000000006C
:10B4E000000000000000000000000000000000005C
:10B4F00000000000000000808080C0C0C0E0E0F0DC
:10B50000707038383C7CFCFCE080000000000000DB
:10B51000000000000000000000000000000000002B
:10B52000000000000000000000000000070F0F1FD7
:10B530001E3C3838787CFEFFFFFFC3C3C3C383873C
:10B54000C7FFFFFEFEFE1E1C1C1C1C1C3CF8F8F86E
:10B55000F8F8F8383838383878F0F0F8F8F87838FB
:10B5600038383878F8F8F8F8FCBC1C1C1C1C1CBED9
:10B57000FEFEFEFFFFC7878383C3C3EFFFFFFF7E8F
:10B580007C7838381C1C1F0F0F07020000000000D9
:10B5900000000000000000000000000000000000AB
:10B5A000000000000000000000000000000000009B
:10B5B000000000000000000101010101030303037A
:10B5C000030303070707070E0E0E0E0E0E0F0F0FD5
:10B5D0000F0F1F1E1C1C1C1C1E1F1F0F0F0F1F1EDA
:10B5E0001C1C1C1E1F1F0F0F0F0F0E0E0E0E070729
:10B5F0000707030303030303030101010100000024
:10B60000000000000000000000000000000000003A
:10B61000000000000000000000000000000000002A
:10B62000000000000000000000000000000000001A
:10B63000000000000000000000000000000000000A
:10B6400000000000000000000000000000000000FA
:10B6500000000000000000000000000000000000EA
:10B6600000000000000000000000000000000000DA
:10B6700000000000000000000000000000000000CA
:10B6800000000000000000000000000000000000BA
:10B6900000000000000000000000000000000000AA
:10B6A000000000000000000000000000000000009A
:10B6B00000000000000000000000008080C0C0C04A
:10B6C000C0C0C0E0C0C0808080000000000000005A
:10B6D000000000000000000000000000000000006A
:10B6E000000000000000000000000000000000005A
:10B6F00000000080808080808080000000000000CA
:10B700000000000000000000000000000000000039
:10B710000000000000000000000000000000000029
:10B720000000000000000000000000000000000019
:10B730000000000000383C1E0E0F0F070703030334
:10B7400003030307070F0F0F0F02000000000000A4
:10B7500000000000000000000000000000000000E9
:10B7600000000000000000000000000010383E1E35
:10B770001F0F0F0F0F0F0F0F0F1F1F3F3E3E3C3CC1
:10B7800000000000000000000000000000000000B9
:10B7900000000000000000000000000000000000A9
:10B7A00000000000000000000080E0E0F0F8783CBD
:10B7B0001C1C1E1E0E0E0E0E0E070F3F7FFFFF7F7E
:10B7C0007F7F7F3F3E0E1E1E1C3C3C787870F0E071
:10B7D000E0C08000000000000000000000000080C9
:10B7E000C0C0E0E0F0F070787878383C1C1C1E5E39
:10B7F0007EFEFEFEFEFEFFFF4E0E1E1E1E1E3C3C8B
:10B800003C78F8F8F0E0C0C08000000000000000C4
:10B810000000000000000000000000000000000028
:10B820000000000000000000071F1F3F3F7D7870F0
:10B830007070707030383838383838383838787830
:10B84000787070F0F0E0E0E0E0C0C0E0E0E0E1FF40
:10B85000FF7F3F1F000000000000000038FEFFFFD8
:10B86000FFFFE3C1C0C0C0C0C0C0C0C0C0C0E0E0F6
:10B87000E0E0E0E0E0E0E0C0C040C0C08080C0C0E8
:10B8800000C0E0FFFFFFFF7F3B0000000000000062
:10B8900000000000000000000000000000000000A8
:10B8A0000000000000000000000000000000000098
:10B8B0000000000000000000000000000000000088
:10B8C00000000000000000000101010101C0E0C013
:10B8D000C0C0C0C0C08080C0C0C0C0E0E0E0E0E048
:10B8E00081010101010301010101010101000000C9
:10B8F000000000000101010103030303030303032C
:10B90000030303010100000000000000000000002C
:10B910000000000000000000000000000000000027
:10B920000000000000000000000000000000000017
:10B930000000000000000000000000000000000007
:10B94000000000000000000000000000027FFFFF78
:10B95000F9F1830303030303030303E3F3FFFFFF8F
:10B960001F000000000000000000000000000000B8
:10B9700000000000000000000000000000000000C7
:10B9800000000000000000000000000000000000B7
:10B9900000000000000000000000000000000000A7
:10B9A0000000000000000000000000000000000097
:10B9B0000000000000000000000000000000000087
:10B9C0000000000000000000000000000000030F65
:10B9D0007FFFFFFCF8C08000F0FCFFFFFF7F1F032C
:10B9E0000000000000000000000000000000000057
:10B9F0000000000000000000000000000000000047
:10BA00000000000000000000000000000000000036
:10BA10000000000000000000000000000000000026
:10BA20000000000000000000000000000000000016
:10BA30000000000000000000000000000000000006
:10BA400000000000000000000000000000000000F6
:10BA5000000103070F1F3F3F3F0F070300000000D7
:10BA600000000000000000000000000000000000D6
:10BA700000000000000000000000000000000000C6
:10BA800000000000000000000000000000000000B6
:10BA900000000000000000000000000000000000A6
:10BAA0000000000000000000000000000000000096
:10BAB0000000000000000000000000000000000086
:10BAC0000000000000000000000000000000000076
:10BAD0000000000000000000000000000000000066
:10BAE0000000000000000000000000000000000056
:10BAF0000000000000000000000000000000000046
:10BB00000000000000000000000000000000000035
:10BB10000000000000000000000000000000000025
:10BB20000000000000000000000000000000000015
:10BB300000000080C0C0C0A0E0E0E0F0F8787878B5
:10BB40007C7C3C3E3E3E3F1F1F1F0F0E0600000048
:10BB500000000000000000000000000000000000E5
:10BB60000000000000000000020F0F1F1F3F3E3EBC
:10BB70007E7C7C7CF8F8F8F8F0F0F0E0E0C0C0C023
:10BB80008000000000000000000000000000000035
:10BB900000000000000000000000000000000000A5
:10BBA0000000000000000000000000000000000095
:10BBB0000000000001010101010000000000000080
:10BBC0000000000000000000000000000000000075
:10BBD0000000000000000000000000000000000065
:10BBE0000000000000000000000000000000000055
:10BBF000000000000000010101010101010101013B
:10BC00000100000000000000000000000000000033
:10BC10000000000000000000000000000000000024
:10BC20000000000000000000000000000000000014
:10BC30000000000020E0E0E0E0C0C0808080000064
:10BC4000000080808080C0C0C0C0E0E0C0C00000B4
:10BC500000000000000000000000000000000000E4
:10BC60000000000000000080808000000000000054
:10BC70000000000000000000808080C0C0C0C00044
:10BC800000000000000000000000000000000000B4
:10BC900000000000000000000000000000000000A4
:10BCA0000000000000000000000000000000000094
:10BCB000000000000001010307070F0F1F0F1F1FE7
:10BCC0001F1F1F1F1F0F0F0F0F0707070301000084
:10BCD0000000000000000000000000000000000064
:10BCE0000000000000000007070F0F1F3E3E3E3C13
:10BCF0003C3C3E3E3E3E3F3F3F1F1F0F0F070300B1
:10BD00000000000000000000000000000000000033
:10BD10000000000000000000000000000000000023
:10BD20000000000000000000000000000000000013
:10BD30000000000000000000000000000000000003
:10BD400000000000000000000000000000000000F3
:10BD500000000000000000808080808080000000E3
:10BD600000000000000000000000000000000000D3
:10BD700000000000000000000000000000000000C3
:10BD800000000000000000000000000000000000B3
:10BD900000000000000000000000000000000000A3
:10BDA0000000000000000000000000000000000093
:10BDB0000000000000000000000000000000000083
:10BDC0000000000000000000000070787C3C3E1E77
:10BDD0001E1E1F0F0F0F0F0F0F0F0F0F0F0F0F0F45
:10BDE0000F1F1F1F3E3E3E3E7CFCF8787000000097
:10BDF0000000000000000000000000000000000043
:10BE00000000000000000000000000000000000032
:10BE10000000000000000000000000000000000022
:10BE20000000000000000000000000000000000012
:10BE30000000000000000000000000000000000002
:10BE400000000000000000000000000000000000F2
:10BE500000000000000000000000000000000000E2
:10BE600000000000000000000000000000000000D2
:10BE700000000000000000000000000000000000C2
:10BE800000000000000000000000000000000000B2
:10BE900000000000000000000000000000000000A2
:10BEA0000000000000000000000000000000000092
:10BEB0000000000000000000000000000000000082
:10BEC00000000000000000008080800000000000F2
:10BED0000000000000000000000000000000000062
:10BEE00000000000000000000080C0800000000092
:10BEF0000000000000000000000000000000000042
:10BF00000000000000000000000000000000000031
:10BF10000000000000000000000000000000000021
:10BF20000000000000000000000000000000000011
:10BF300000000000000000000000606060607030E1
:10BF4000303038181C0C0E070303010000000000FD
:10BF500000000000000000000000000000000000E1
:10BF6000000000000000000000000307070E0C0C9A
:10BF70001818181830303030303020000000000021
:10BF800000000000000000000000000000000000B1
:10BF900000000000000000000000000000000000A1
:10BFA0000000000000000000000000000000000091
:10BFB000000000000000000000006060F0F0F0F001
:10BFC000F0F0707070F0F0F0F0F0F0F06000000051
:10BFD0000000000000000000000000000000000061
:10BFE000000000000000000060F0F0F0F0F0F0F061
:10BFF000F07070F0F0F0F070707070702000000061
:10C000000000000000000000000000000000000030
:10C010000000000000000000000000000000000020
:10C020000000000000000000000000000000000010
:10C0300000000000000000000000008080C0E163FC
:10C040007F3E1C000080C0C0C3FF7E3C000000009B
:10C0500000000000000000000000000000000000E0
:10C0600000000000000000000000E0F8FC1F0700D6
:10C0700000003E7F73E1C0808000000000000000EF
:10C0800000000000000000000000000000000000B0
:10C0900000000000000000000000000000000000A0
:10C0A0000000000000000000000000000000000090
:10C0B0000000000000000000001E1F3F337160E020
:10C0C000C0C0800E0F1F19383060E0C08000000033
:10C0D0000000000080E0F0F0783838181838387820
:10C0E000F0F0E080000000000000010307068C9CD7
:10C0F000F8F06000000000818387CEFC780000002B
:10C10000000000000000000000000000000000002F
:10C11000000000000000000000000000000000001F
:10C12000000000000000000000000000000000000F
:10C13000000000000000000000000000000080C0BF
:10C14000C1E37F3F0C0000008080C0E1777F3E00AC
:10C15000000000001F1F1F0F000000000000000073
:10C16000183F3F1F000000000000003CFEFFC3011D
:10C170000000000C1E1F3B7361E1C0800000000046
:10C1800000000000000000000000000000000000AF
:10C19000000000000000000000000000000000009F
:10C1A000000000000000000000000000000000008F
:10C1B0000000000000000000000000003E7F7F4102
:10C1C00001000000001E7FFFC3810000000000008E
:10C1D000000000000000000000000000000000005F
:10C1E0000000000000000000000000000001030744
:10C1F000CEFCF80000000000000081C3FF7E1800A4
:10C20000000000000000000000000000000000002E
:10C21000000000000000000000000000000000001E
:10C22000000000000000000000000000000000000E
:10C2300000000000000000000000000000000000FE
:10C2400000000000000000000101010000000000EB
:10C2500000000000000000000000000000000000DE
:10C2600000000000000000000000000000000003CB
:10C2700003010000000000000001010100000000B7
:10C2800000000000000000000000000000000000AE
:10C29000000000000000000000000000000000009E
:10C2A000000000000000000000000000000000008E
:10C2B0000000000000000000000000000060E0C07E
:10C2C000C08000000000000000000000000000002E
:10C2D000000000000000000000000000000000005E
:10C2E000000000000000000000000080C0E0E060EE
:10C2F00000000000000000000000000000000080BE
:10C3000080C0C0C08080000000000000000000006D
:10C31000000000000000000000000000000000001D
:10C32000000000000000000000181C1C18383838FD
:10C330003838303070707070E0E0E0E0C0C0C0C1EC
:10C3400083870F1E3C78F0E0000000000000000032
:10C3500000000000000000000000000000000000DD
:10C360000000000080E0F0783C1E0F078381C0C011
:10C37000C0E0E0E0F0707878383C1C1E1E0F0F071C
:10C38000070303030101000000000000000000009B
:10C39000000000000000000000000000000000009D
:10C3A000000000000000000000000000000000008D
:10C3B0000000000000000000FFFFFFFFFFFFFFFF85
:10C3C000F703000000000000000000000000000073
:10C3D000000000000000000000000000000000005D
:10C3E0000000000001010000000207FFFFFFFFFF47
:10C3F000FFFFFFFF00000000000000000000000041
:10C40000000000000000000000000000000000002C
:10C41000000000000000000000000000000000001C
:10C4200000000000000000000018383C3C3C3C3C90
:10C430001C1C1C1C1C1C1C1C1F1F9F9F9F9F9F9F24
:10C440009C8C0800000000000000000000000000BC
:10C4500000000000000000000000000000000000DC
:10C460000000000000000000303070707B7F3F3F14
:10C470003F3F3F3938383838383838383838181C62
:10C480001C1C1C1C1C1C1C180000000000000000D0
:10C49000000000000000000000000000000000009C
:10C4A000000000000000000000000000000000008C
:10C4B0000000000000020303030303030101010164
:10C4C000010100000000000000000000000000006A
:10C4D000000000000000000000000000000000005C
:10C4E0000000000000000000000000000000030346
:10C4F0000303030303030303030303030202000014
:10C50000000000000000000000000000000000002B
:10C51000000000000000000000000000000000001B
:10C52000000000000000000000000000000000000B
:10C5300000000000000000000000000000000000FB
:10C5400000000000000000000000000000000000EB
:10C5500000000000000000000000000000000000DB
:10C560000000000000008080C0E0F0F0783818186B
:10C570003838F0E0C080000000000000000000003B
:10C5800000000000000000000000000000000000AB
:10C59000000000000000000000000000000000009B
:10C5A000000000000000000000000000000000008B
:10C5B000000000000000000000000000000000007B
:10C5C000000000000000000000000000000000006B
:10C5D000000000000000000000000060F8F8BC1C33
:10C5E0000E0E06070703030301010000008080C050
:10C5F000E0F0783F1F0F0000000000000000000086
:10C60000000000000000000000000000000000002A
:10C61000000000000000000000000000000000001A
:10C62000000000000000000000000000000000000A
:10C6300000000000000000000000000000000000FA
:10C6400000000000000000000000000000000000EA
:10C6500000000000000000000000000001030707C8
:10C66000060E0C0C0C0C0C0E06060703030301014E
:10C6700000000000000000000000000000000000BA
:10C6800000000000000000000000000000000000AA
:10C69000000000000000000000000000000000009A
:10C6A000000000000000000000000000000000008A
:10C6B000000000000000000000000000000000007A
:10C6C000000000000000000000000000000000006A
:10C6D000000000000000000000000000000000005A
:10C6E000000000000000000000000000000000004A
:10C6F00000000000000000000000000000000080BA
:10C70000E0F0F0F0F0E0E0C0800000000000000089
:10C710000000000000000000000000000000000019
:10C720000000000000000000000000000000000009
:10C7300000000000000000000000000000000000F9
:10C7400000000000000000000000000000000000E9
:10C7500000000000000000000000000000000000D9
:10C76000000000000000000000008080C0C0C0E0A9
:10C77000E0C0E040000000000000000000E0FEFF1C
:10C78000FFFFFF0101070FFFFFFFFCF0C0000000EB
:10C790000000000000000000000000000000000099
:10C7A0000000000000000000000000000000000089
:10C7B0000000000000000000030707070F0F0F0E26
:10C7C0000E1E1E1E1E1E3E3E3E3C3C381800000043
:10C7D0000000000000000000000000000000000059
:10C7E000000000000C0E0E8F8F8F8F87878383834E
:10C7F000818080800000000000000000000F1F3FCB
:10C80000737F7FF8F0F0F8FF7F7F3F1F0F0000007D
:10C810000000000000000000000000000000000018
:10C820000000000000000000000000000000000008
:10C8300000000000000080E0F0F0F8F87C3C3C1CB8
:10C840001C1E1E0E9E9E9E9E1C3C3C3C7CFCF8F8D2
:10C85000F0F0E0E0000000000000000000C0F0F890
:10C86000FCFC1E1E0F8FC7E3F3F373733B3B3B339C
:10C87000F3F3F3E3E3C70F1F3FFEFEFCF8F0000005
:10C8800000000000000000000000000000000000A8
:10C890000000000000000000000000000000000098
:10C8A0000000000000000000000000000000000088
:10C8B0000000000000041F3F7FFFFFF9F0E0CCCE36
:10C8C000C7C7C7C7C7EFFFFFFFFF7E1C000081FF80
:10C8D000FFFFFFFFFFFE38000000000000010F1FF8
:10C8E0003F3F7CF8F0E0E3E7E7EFEEE6EEECE4F064
:10C8F000F0FF7F7F3F1F8EC0F0FFFFEFFF1F0000A4
:10C900000000000000000000000000000000000027
:10C910000000000000000000000000000000000017
:10C920000000000000000000000000000000000007
:10C93000000000000000060E0E1C1C3D3D797B7BB4
:10C940007B7B7B7B7F7D7D7D7D7C3C3E3E3F1F1FD7
:10C950001F0F0F0701000000000000000000000092
:10C960000000202030303070713038393939383893
:10C970003C3C3C1C1E1F1F0F07070301000000006A
:10C9800000000000000000000000000000000000A7
:10C990000000000000000000000000000000000097
:10C9A0000000000000000000000000000000000087
:10C9B0000000000000000000000000000000000077
:10C9C0000000000000000000000000000000808067
:10C9D0008080808080808080000000000000000057
:10C9E0000080808080C0C0C0C080808000000000C7
:10C9F0000000000000000000000000000000000037
:10CA00000000000000000000000000000000000026
:10CA10000000000000000000000000000000000016
:10CA20000000000000000000000000000000000006
:10CA300000000000000000000000000000000000F6
:10CA400000000000000000000000081C1E0F070787
:10CA50000703030303070F0F0F1B0E0E1E0E0E0F0F
:10CA600007070707030303030307070F0F0F0E0E44
:10CA70000E0E060000000000000000000000000094
:10CA800000000000000000000000000000000000A6
:10CA90000000000000000000000000000000000096
:10CAA0000000000000000000000000000000000086
:10CAB0000000000000000000000000000000000076
:10CAC0000000000000000000000000000000000066
:10CAD0000000000000000000000000000000000056
:10CAE0000000000000000000000000000000000046
:10CAF000000000000000000000000000000018FE20
:10CB0000FFFFFFFFFFFFFE0000000000000000002D
:10CB10000000000000000000000000000000000015
:10CB20000000000000000000000000000000000005
:10CB300000000000000000000000000000000000F5
:10CB400000000000000000000000000000000000E5
:10CB500000000000000000000000000000000000D5
:10CB600000000000000000000000000000000000C5
:10CB70000000000000000000000000000000000BAA
:10CB80003F7F7F7F7F3F0300000000000000000028
:10CB90000000000000000000000000000000000095
:10CBA0000000000000000000000000000000000085
:10CBB0000000000000000000000000000000000075
:10CBC0000000000000000000000000000000000065
:10CBD00000000000000080C0E0F0F8FC7C3C1E0E6D
:10CBE0000E06060E0E0E1E1E3E7CFCFCF8F0F0E05B
:10CBF000C000000000000000000000000000004035
:10CC0000F8FCFCFCFC7C7800000000000000000048
:10CC10000000000000000000000000000000000014
:10CC20000000000000000000000000000000000004
:10CC30000000000000000000000000000000008074
:10CC40008080C0C0C0808080000000000000000024
:10CC50000000000000DCFFFFFFFF83010000000078
:10CC6000000000000000000000000001010FFFFFB5
:10CC7000FFFFFEF0C0000000000000000000000008
:10CC800000000000000000000000000000000000A4
:10CC90000000000000000000000000000000000094
:10CCA0000000000000000000000000000000000084
:10CCB0000000000000000000E0F8FCFEFE1F07037B
:10CCC00003030103030F7FFFFFFEF8F000000000E5
:10CCD0000000000000076FFFFFFFFFF08000000072
:10CCE000000000000000000000000080C0F0FFFF16
:10CCF000FFFFFF7F1F000000000000000000000099
:10CD00000000000000000000000000000000000023
:10CD10000000000000000000000000000000000013
:10CD20000000000000000000000000000000000003
:10CD30000000000000000001071F3F3F7F7EF8F069
:10CD4000F0F0F0F0787F7E3F1F0F07030000000037
:10CD5000000000000000000103070F0F1F1F3E3EF0
:10CD60003C3C3C38383C1C3E3E3F1F1F0F0F070722
:10CD700003010000000000000000000000000000AF
:10CD800000000000000000000000000000000000A3
:10CD90000000000000000000000000000000000093
:10CDA0000000000000000000000000000000000083
:10CDB0000000000000000000000000000000000073
:10CDC00000000000000000000000000000808080E3
:10CDD0008080808080808080C0C0C0C0C0C0C0C053
:10CDE0008080808080808080000000000000000043
:10CDF0000000000000000000000000000000000033
:10CE00000000000000000000000000000000000022
:10CE10000000000000000000000000000000000012
:10CE20000000000000000000000000000000000002
:10CE300000000000000000000000000000000000F2
:10CE40000000000000001C3E3E3E3F3F77737373BE
:10CE500071736161717171717071717170717171E2
:10CE600071797B3B3F3F3F1F1F0F04000000000014
:10CE700000000000000000000000000000000000B2
:10CE800000000000000000000000000000000000A2
:10CE90000000000000000000000000000000000092
:10CEA0000000000000000000000000000000000082
:10CEB0000000000000000000000000000000000072
:10CEC0000000000000000000000000000000000062
:10CED0000000000000000000000000000000000052
:10CEE0000000000000000000000000000000000042
:10CEF0000000000000000000000000000000000032
:10CF00000000000000000000000000000000000021
:10CF10000000000000000000000000000000000011
:10CF20000000000000000000000000000000000001
:10CF30000000000000000000000000000000008071
:10CF400080C0C0C0C0C0C080000000000000000061
:10CF500000000000000000000000000000000000D1
:10CF6000000000000000000000008080C0C0E0E081
:10CF7000E0E0E0E0C0808000000000000000000071
:10CF800000000000000000000000000000000000A1
:10CF90000000000000000000000000000000000091
:10CFA0000000000000000000000000000000000081
:10CFB000000000000000000000000070FCFFFFFF08
:10CFC000FFFFFFFFFFFFFFFFFFFFFC7000000000FF
:10CFD0000000000000000000000000000000000051
:10CFE000000000000000000038FEFFFFFFFFFFFF11
:10CFF000FFFFFFFFFFFFFFFE380000000000000002
:10D000000000000000000000000000000000000020
:10D010000000000000000000000000000000000010
:10D020000000000000000000000000000000000000
:10D030000000000000000000000000808103070FD6
:10D040000F0F1F1F1F0F0F0F070701000000000029
:10D0500000000000000000000000000000000000D0
:10D060000000000000000000000001030707070F98
:10D070000F0F070707030300000000000000000077
:10D0800000000000000000000000000000000000A0
:10D090000000000000000000000000000000000090
:10D0A0000000000000000000000000000000000080
:10D0B000000000000000000C0E07070F3F3E38186C
:10D0C0001C0E0E0E1C383020000000000000C0C0F6
:10D0D000E0E0E0E0E06060606060606060606060D0
:10D0E00060707060E0E0C000000000181C0E0E07C9
:10D0F000071E3C38381C0E0606060606060C1C1CCD
:10D100001E070000000000000000000000000000FA
:10D11000000000000000000000000000000000000F
:10D1200000000000000000000000000000000000FF
:10D1300000000000000000000000000000000000EF
:10D1400000000000000000000000000000001FFFC1
:10D15000FFE00000000000000000000000000000F0
:10D16000000000E0FFFF1F000000000000000000C2
:10D1700000000000000000000000000000000000AF
:10D18000000000000000000000000000000000009F
:10D19000000000000000000000000000000000008F
:10D1A000000000000000000000000000000000007F
:10D1B000000000000000000000000000000000006F
:10D1C000000000000000000000000000000000015E
:10D1D000070F1F3C3838707070706060707070702E
:10D1E000381C1F0F030000000000000000000000BA
:10D1F000000000000000000000000000000000002F
:10D20000000000000000000000000000000000001E
:10D21000000000000000000000000000000000000E
:10D2200000000000000000000000000000000000FE
:10D2300000000000000000000000000000000000EE
:10D2400000000000000000000000000000000000DE
:10D2500000000000000000000000000000000000CE
:10D2600000000000000000000000000000000000BE
:10D2700000000000000000000000000000000000AE
:10D28000000000000000000000000000000000009E
:10D29000000000000000000000000000000000008E
:10D2A000000000000000000000000000000000007E
:10D2B000000000000000000000000000000000006E
:10D2C000000000000000000000000000000000005E
:10D2D000000000000000000000000000000000004E
:10D2E000000000000000000000000000000000003E
:10D2F000000000000000000000000000000000002E
:10D30000000000000000000000000000000000001D
:10D31000000000000000000000000000000000000D
:10D3200000000000000000000000000000000000FD
:10D33000000000000000000000000000000000806D
:10D3400080C0C0C0C0C0C08000000000000000005D
:10D3500000000000000000000000000000000000CD
:10D3600000000000000000000000000000000000BD
:10D3700000000000000000000000000000000000AD
:10D38000000000000000000000000000000000009D
:10D39000000000000000000000000000000000008D
:10D3A000000000000000000000000000000000007D
:10D3B000000000000000000000000070FCFFFFFF04
:10D3C000FFFFFFFFFFFFFFFFFFFFFC7000000000FB
:10D3D000000000000000000000000000000000004D
:10D3E0000000000000000000000070F8FCFEFEFEDF
:10D3F000FFFFFFFFFFFFFFFFFEFEFEFCF8700000D7
:10D40000000000000000000000000000000000001C
:10D41000000000000000000000000000000000000C
:10D4200000000000000000000000000000000000FC
:10D430000000000000000000000000808103070FD2
:10D440000F0F1F1F1F0F0F0F070701000000000025
:10D4500000000000000000000000000000000000CC
:10D4600000000000000000000000000101030303B1
:10D470000707070707070707030303010100000069
:10D48000000000000000000000000000000000009C
:10D49000000000000000000000000000000000008C
:10D4A000000000000000000000000000000000007C
:10D4B000000000000000000C0E07070F3F3E381868
:10D4C0001C0E0E0E1C383020000000000000C0C0F2
:10D4D000E0E0E0E0E06060606060606060606060CC
:10D4E00060707060E0E0C000000000181C0E0E07C5
:10D4F000071E3C38381C0E0606060606060C1C1CC9
:10D500001E070000000000000000000000000000F6
:10D51000000000000000000000000000000000000B
:10D5200000000000000000000000000000000000FB
:10D5300000000000000000000000000000000000EB
:10D5400000000000000000000000000000001FFFBD
:10D55000FFE00000000000000000000000000000EC
:10D56000000000E0FFFF1F000000000000000000BE
:10D5700000000000000000000000000000000000AB
:10D58000000000000000000000000000000000009B
:10D59000000000000000000000000000000000008B
:10D5A000000000000000000000000000000000007B
:10D5B000000000000000000000000000000000006B
:10D5C000000000000000000000000000000000015A
:10D5D000070F1F3C3838707070706060707070702A
:10D5E000381C1F0F030000000000000000000000B6
:10D5F000000000000000000000000000000000002B
:10D60000000000000000000000000000000000001A
:10D61000000000000000000000000000000000000A
:10D6200000000000000000000000000000000000FA
:10D6300000000000000000000000000000000000EA
:10D6400000000000000000000000000000000000DA
:10D6500000000000000000000000000000000000CA
:10D6600000000000000000000000000000000000BA
:10D6700000000000000000000000000000000000AA
:10D68000000000000000000000000000000000009A
:10D69000000000000000000000000000000000008A
:10D6A000000000000000000000000000000000007A
:10D6B000000000000000000000000000000000006A
:10D6C000000000000000000000000000000000005A
:10D6D000000000000000000000000000000000004A
:10D6E000000000000000000000000000000000003A
:10D6F000000000000000000000000000000000002A
:10D700000000000000000000000000000000000019
:10D710000000000000000000000000000000000009
:10D7200000000000000000000000000000000000F9
:10D730000000000000000000000000000000008069
:10D7400080C0C0C0C0C0C080000000000000000059
:10D7500000000000000000000000000000000000C9
:10D7600000000000000000000000000000000000B9
:10D7700000000000000000000000000000000000A9
:10D780000000000000000000000000000000000099
:10D790000000000000000000000000000000000089
:10D7A0000000000000000000000000000000000079
:10D7B000000000000000000000000070FCFFFFFF00
:10D7C000FFFFFFFFFFFFFFFFFFFFFC7000000000F7
:10D7D0000000000000000000000000000000000049
:10D7E00000000000000000000000000030F8FCFC19
:10D7F000FCFEFEFEFEFEFEFEFEFEFEFEFCFCFCF857
:10D8000070000000000000000000000000000000A8
:10D810000000000000000000000000000000000008
:10D8200000000000000000000000000000000000F8
:10D830000000000000000000000000808103070FCE
:10D840000F0F1F1F1F0F0F0F070701000000000021
:10D8500000000000000000000000000000000000C8
:10D8600000000000000000000000000000000000B8
:10D87000010101010101010101010101010000009B
:10D880000000000000000000000000000000000098
:10D890000000000000000000000000000000000088
:10D8A0000000000000000000000000000000000078
:10D8B000000000000000000C0E07070F3F3E381864
:10D8C0001C0E0E0E1C383020000000000000C0C0EE
:10D8D000E0E0E0E0E06060606060606060606060C8
:10D8E00060707060E0E0C000000000181C0E0E07C1
:10D8F000071E3C38381C0E0606060606060C1C1CC5
:10D900001E070000000000000000000000000000F2
:10D910000000000000000000000000000000000007
:10D9200000000000000000000000000000000000F7
:10D9300000000000000000000000000000000000E7
:10D9400000000000000000000000000000001FFFB9
:10D95000FFE00000000000000000000000000000E8
:10D96000000000E0FFFF1F000000000000000000BA
:10D9700000000000000000000000000000000000A7
:10D980000000000000000000000000000000000097
:10D990000000000000000000000000000000000087
:10D9A0000000000000000000000000000000000077
:10D9B0000000000000000000000000000000000067
:10D9C0000000000000000000000000000000000156
:10D9D000070F1F3C38387070707060607070707026
:10D9E000381C1F0F030000000000000000000000B2
:10D9F0000000000000000000000000000000000027
:10DA00000000000000000000000000000000000016
:10DA10000000000000000000000000000000000006
:10DA200000000000000000000000000000000000F6
:10DA300000000000000000000000000000000000E6
:10DA400000000000000000000000000000000000D6
:10DA500000000000000000000000000000000000C6
:10DA600000000000000000000000000000000000B6
:10DA700000000000000000000000000000000000A6
:10DA80000000000000000000000000000000000096
:10DA90000000000000000000000000000000000086
:10DAA0000000000000000000000000000000000076
:10DAB0000000000000000000000000000000000066
:10DAC0000000000000000000000000000000000056
:10DAD0000000000000000000000000000000000046
:10DAE0000000000000000000000000000000000036
:10DAF0000000000000000000000000000000000026
:10DB00000000000000000000000000000000000015
:10DB10000000000000000000000000000000000005
:10DB200000000000000000000000000000000000F5
:10DB30000000000000000000000000000000008065
:10DB400080C0C0C0C0C0C080000000000000000055
:10DB500000000000000000000000000000000000C5
:10DB600000000000000000000000000000000000B5
:10DB700000000000000000000000000000000000A5
:10DB80000000000000000000000000000000000095
:10DB90000000000000000000000000000000000085
:10DBA0000000000000000000000000000000000075
:10DBB000000000000000000000000070FCFFFFFFFC
:10DBC000FFFFFFFFFFFFFFFFFFFFFC7000000000F3
:10DBD0000000000000000000000000000000000045
:10DBE000000000000000000000E0F0F8F8F8F8F88D
:10DBF000F8F8F8F8F8F8F8F8F8F8F8F8F060000035
:10DC00000000000000000000000000000000000014
:10DC10000000000000000000000000000000000004
:10DC200000000000000000000000000000000000F4
:10DC30000000000000000000000000808103070FCA
:10DC40000F0F1F1F1F0F0F0F07070100000000001D
:10DC500000000000000000000000000000000000C4
:10DC600000000000000000000000000101010101AF
:10DC70000101010101010101010101010000000098
:10DC80000000000000000000000000000000000094
:10DC90000000000000000000000000000000000084
:10DCA0000000000000000000000000000000000074
:10DCB000000000000000000C0E07070F3F3E381860
:10DCC0001C0E0E0E1C383020000000000000C0C0EA
:10DCD000E0E0E0E0E06060606060606060606060C4
:10DCE00060707060E0E0C000000000181C0E0E07BD
:10DCF000071E3C38381C0E0606060606060C1C1CC1
:10DD00001E070000000000000000000000000000EE
:10DD10000000000000000000000000000000000003
:10DD200000000000000000000000000000000000F3
:10DD300000000000000000000000000000000000E3
:10DD400000000000000000000000000000001FFFB5
:10DD5000FFE00000000000000000000000000000E4
:10DD6000000000E0FFFF1F000000000000000000B6
:10DD700000000000000000000000000000000000A3
:10DD80000000000000000000000000000000000093
:10DD90000000000000000000000000000000000083
:10DDA0000000000000000000000000000000000073
:10DDB0000000000000000000000000000000000063
:10DDC0000000000000000000000000000000000152
:10DDD000070F1F3C38387070707060607070707022
:10DDE000381C1F0F030000000000000000000000AE
:10DDF0000000000000000000000000000000000023
:10DE00000000000000000000000000000000000012
:10DE10000000000000000000000000000000000002
:10DE200000000000000000000000000000000000F2
:10DE300000000000000000000000000000000000E2
:10DE400000000000000000000000000000000000D2
:10DE500000000000000000000000000000000000C2
:10DE600000000000000000000000000000000000B2
:10DE700000000000000000000000000000000000A2
:10DE80000000000000000000000000000000000092
:10DE90000000000000000000000000000000000082
:10DEA0000000000000000000000000000000000072
:10DEB0000000000000000000000000000000000062
:10DEC0000000000000000000000000000000000052
:10DED0000000000000000000000000000000000042
:10DEE0000000000000000000000000000000000032
:10DEF0000000000000000000000000000000000022
:10DF00000000000000000000000000000000000011
:10DF10000000000000000000000000000000000001
:10DF200000000000000000000000000000000000F1
:10DF30000000000000000000000000000000008061
:10DF400080C0C0C0C0C0C080000000000000000051
:10DF500000000000000000000000000000000000C1
:10DF600000000000000000000000000000000000B1
:10DF700000000000000000808080C0C0C080000061
:10DF80000000000000000000000000000000000091
:10DF90000000000000000000000000000000000081
:10DFA0000000000000000000000000000000000071
:10DFB000000000000000000000000070FCFFFFFFF8
:10DFC000FFFFFFFFFFFFFFFFFFFFFC7000000000EF
:10DFD0000000000000000000000000000000000041
:10DFE000000000000000000000E0F0F0F8F8F8FC8D
:10DFF000FCFEFEFEFFFFFFFFEFEFEFE7E7C30000D1
:10E000000000000000000000000000000000000010
:10E010000000000000000000000000000000000000
:10E0200000000000000000000000000000000000F0
:10E030000000000000000000000000808103070FC6
:10E040000F0F1F1F1F0F0F0F070701000000000019
:10E0500000000000000000000000000000000000C0
:10E0600000000000000000000000010101010101AA
:10E07000010101030303030303030303030100007E
:10E080000000000000000000000000000000000090
:10E090000000000000000000000000000000000080
:10E0A0000000000000000000000000000000000070
:10E0B000000000000000000C0E07070F3F3E38185C
:10E0C0001C0E0E0E1C383020000000000000C0C0E6
:10E0D000E0E0E0E0E06060606060606060606060C0
:10E0E00060707060E0E0C000000000181C0E0E07B9
:10E0F000071E3C38381C0E0606060606060C1C1CBD
:10E100001E070000000000000000000000000000EA
:10E1100000000000000000000000000000000000FF
:10E1200000000000000000000000000000000000EF
:10E1300000000000000000000000000000000000DF
:10E1400000000000000000000000000000001FFFB1
:10E15000FFE00000000000000000000000000000E0
:10E16000000000E0FFFF1F000000000000000000B2
:10E17000000000000000000000000000000000009F
:10E18000000000000000000000000000000000008F
:10E19000000000000000000000000000000000007F
:10E1A000000000000000000000000000000000006F
:10E1B000000000000000000000000000000000005F
:10E1C000000000000000000000000000000000014E
:10E1D000070F1F3C3838707070706060707070701E
:10E1E000381C1F0F030000000000000000000000AA
:10E1F000000000000000000000000000000000001F
:10E20000000000000000000000000000000000000E
:10E2100000000000000000000000000000000000FE
:10E2200000000000000000000000000000000000EE
:10E2300000000000000000000000000000000000DE
:10E2400000000000000000000000000000000000CE
:10E2500000000000000000000000000000000000BE
:10E2600000000000000000000000000000000000AE
:10E27000000000000000000000000000000000009E
:10E28000000000000000000000000000000000008E
:10E29000000000000000000000000000000000007E
:10E2A000000000000000000000000000000000006E
:10E2B000000000000000000000000000000000005E
:10E2C000000000000000000000000000000000004E
:10E2D000000000000000000000000000000000003E
:10E2E000000000000000000000000000000000002E
:10E2F000000000000000000000000000000000001E
:10E30000000000000000000000000000000000000D
:10E3100000000000000000000000000000000000FD
:10E3200000000000000000000000000000000000ED
:10E33000000000000000000000000000000000805D
:10E3400080C0C0C0C0C0C08000000000000000004D
:10E3500000000000000000000000000000000000BD
:10E3600000000000000000000080C0C0E0E0F0F00D
:10E37000F8F8FC7C7C380000000000000000000081
:10E38000000000000000000000000000000000008D
:10E39000000000000000000000000000000000007D
:10E3A000000000000000000000000000000000006D
:10E3B000000000000000000000000070FCFFFFFFF4
:10E3C000FFFFFFFFFFFFFFFFFFFFFC7000000000EB
:10E3D000000000000000000000000000000000003D
:10E3E00070F8F8FCFCFEFEFFDFDFCF8F87870301AC
:10E3F000010000000000000000000000000000001C
:10E40000000000000000000000000000000000000C
:10E4100000000000000000000000000000000000FC
:10E4200000000000000000000000000000000000EC
:10E430000000000000000000000000808103070FC2
:10E440000F0F1F1F1F0F0F0F070701000000000015
:10E4500000000000000000000000000000000000BC
:10E46000000001010303030707070F0F0F1F1F1F02
:10E470003F3E3E7E7E7E3C0000000000000000002B
:10E48000000000000000000000000000000000008C
:10E49000000000000000000000000000000000007C
:10E4A000000000000000000000000000000000006C
:10E4B000000000000000000C0E07070F3F3E381858
:10E4C0001C0E0E0E1C383020000000000000C0C0E2
:10E4D000E0E0E0E0E06060606060606060606060BC
:10E4E00060707060E0E0C000000000181C0E0E07B5
:10E4F000071E3C38381C0E0606060606060C1C1CB9
:10E500001E070000000000000000000000000000E6
:10E5100000000000000000000000000000000000FB
:10E5200000000000000000000000000000000000EB
:10E5300000000000000000000000000000000000DB
:10E5400000000000000000000000000000001FFFAD
:10E55000FFE00000000000000000000000000000DC
:10E56000000000E0FFFF1F000000000000000000AE
:10E57000000000000000000000000000000000009B
:10E58000000000000000000000000000000000008B
:10E59000000000000000000000000000000000007B
:10E5A000000000000000000000000000000000006B
:10E5B000000000000000000000000000000000005B
:10E5C000000000000000000000000000000000014A
:10E5D000070F1F3C3838707070706060707070701A
:10E5E000381C1F0F030000000000000000000000A6
:10E5F000000000000000000000000000000000001B
:10E60000000000000000000000000000000000000A
:10E6100000000000000000000000000000000000FA
:10E6200000000000000000000000000000000000EA
:10E6300000000000000000000000000000000000DA
:10E6400000000000000000000000000000000000CA
:10E6500000000000000000000000000000000000BA
:10E6600000000000000000000000000000000000AA
:10E67000000000000000000000000000000000009A
:10E68000000000000000000000000000000000008A
:10E69000000000000000000000000000000000007A
:10E6A000000000000000000000000000000000006A
:10E6B000000000000000000000000000000000005A
:10E6C000000000000000000000000000000000004A
:10E6D000000000000000000000000000000000003A
:10E6E000000000000000000000000000000000002A
:10E6F000000000000000000000000000000000001A
:10E700000000000000000000000000000000000009
:10E7100000000000000000000000000000000000F9
:10E7200000000000000000000000000000000000E9
:10E730000000000000000000000000000000008059
:10E7400080C0C0C0C0C0C080000000000000000049
:10E7500000000000000000000000000000000000B9
:10E7600000000000000000000000000000000000A9
:10E7700000000000000000808080C0C0C080000059
:10E780000000000000000000000000000000000089
:10E790000000000000000000000000000000000079
:10E7A0000000000000000000000000000000000069
:10E7B000000000000000000000000070FCFFFFFFF0
:10E7C000FFFFFFFFFFFFFFFFFFFFFC7000000000E7
:10E7D0000000000000000000000000000000000039
:10E7E000000000000000000000E0F0F0F8F8F8FC85
:10E7F000FCFEFEFEFFFFFFFFEFEFEFE7E7C30000C9
:10E800000000000000000000000000000000000008
:10E8100000000000000000000000000000000000F8
:10E8200000000000000000000000000000000000E8
:10E830000000000000000000000000808103070FBE
:10E840000F0F1F1F1F0F0F0F070701000000000011
:10E8500000000000000000000000000000000000B8
:10E8600000000000000000000000010101010101A2
:10E870000101010303030303030303030301000076
:10E880000000000000000000000000000000000088
:10E890000000000000000000000000000000000078
:10E8A0000000000000000000000000000000000068
:10E8B000000000000000000C0E07070F3F3E381854
:10E8C0001C0E0E0E1C383020000000000000C0C0DE
:10E8D000E0E0E0E0E06060606060606060606060B8
:10E8E00060707060E0E0C000000000181C0E0E07B1
:10E8F000071E3C38381C0E0606060606060C1C1CB5
:10E900001E070000000000000000000000000000E2
:10E9100000000000000000000000000000000000F7
:10E9200000000000000000000000000000000000E7
:10E9300000000000000000000000000000000000D7
:10E9400000000000000000000000000000001FFFA9
:10E95000FFE00000000000000000000000000000D8
:10E96000000000E0FFFF1F000000000000000000AA
:10E970000000000000000000000000000000000097
:10E980000000000000000000000000000000000087
:10E990000000000000000000000000000000000077
:10E9A0000000000000000000000000000000000067
:10E9B0000000000000000000000000000000000057
:10E9C0000000000000000000000000000000000146
:10E9D000070F1F3C38387070707060607070707016
:10E9E000381C1F0F030000000000000000000000A2
:10E9F0000000000000000000000000000000000017
:10EA00000000000000000000000000000000000006
:10EA100000000000000000000000000000000000F6
:10EA200000000000000000000000000000000000E6
:10EA300000000000000000000000000000000000D6
:10EA400000000000000000000000000000000000C6
:10EA500000000000000000000000000000000000B6
:10EA600000000000000000000000000000000000A6
:10EA70000000000000000000000000000000000096
:10EA80000000000000000000000000000000000086
:10EA90000000000000000000000000000000000076
:10EAA0000000000000000000000000000000000066
:10EAB0000000000000000000000000000000000056
:10EAC0000000000000000000000000000000000046
:10EAD0000000000000000000000000000000000036
:10EAE0000000000000000000000000000000000026
:10EAF0000000000000000000000000000000000016
:10EB00000000000000000000000000000000000005
:10EB100000000000000000000000000000000000F5
:10EB200000000000000000000000000000000000E5
:10EB30000000000000000000000000000000008055
:10EB400080C0C0C0C0C0C080000000000000000045
:10EB500000000000000000000000000000000000B5
:10EB600000000000000000000000000000000000A5
:10EB70000000000000000000000000000000000095
:10EB80000000000000000000000000000000000085
:10EB90000000000000000000000000000000000075
:10EBA0000000000000000000000000000000000065
:10EBB000000000000000000000000070FCFFFFFFEC
:10EBC000FFFFFFFFFFFFFFFFFFFFFC7000000000E3
:10EBD0000000000000000000000000000000000035
:10EBE000000000000000000000E0F0F8F8F8F8F87D
:10EBF000F8F8F8F8F8F8F8F8F8F8F8F8F060000025
:10EC00000000000000000000000000000000000004
:10EC100000000000000000000000000000000000F4
:10EC200000000000000000000000000000000000E4
:10EC30000000000000000000000000808103070FBA
:10EC40000F0F1F1F1F0F0F0F07070100000000000D
:10EC500000000000000000000000000000000000B4
:10EC6000000000000000000000000001010101019F
:10EC70000101010101010101010101010000000088
:10EC80000000000000000000000000000000000084
:10EC90000000000000000000000000000000000074
:10ECA0000000000000000000000000000000000064
:10ECB000000000000000000C0E07070F3F3E381850
:10ECC0001C0E0E0E1C383020000000000000C0C0DA
:10ECD000E0E0E0E0E06060606060606060606060B4
:10ECE00060707060E0E0C000000000181C0E0E07AD
:10ECF000071E3C38381C0E0606060606060C1C1CB1
:10ED00001E070000000000000000000000000000DE
:10ED100000000000000000000000000000000000F3
:10ED200000000000000000000000000000000000E3
:10ED300000000000000000000000000000000000D3
:10ED400000000000000000000000000000001FFFA5
:10ED5000FFE00000000000000000000000000000D4
:10ED6000000000E0FFFF1F000000000000000000A6
:10ED70000000000000000000000000000000000093
:10ED80000000000000000000000000000000000083
:10ED90000000000000000000000000000000000073
:10EDA0000000000000000000000000000000000063
:10EDB0000000000000000000000000000000000053
:10EDC0000000000000000000000000000000000142
:10EDD000070F1F3C38387070707060607070707012
:10EDE000381C1F0F0300000000000000000000009E
:10EDF0000000000000000000000000000000000013
:10EE00000000000000000000000000000000000002
:10EE100000000000000000000000000000000000F2
:10EE200000000000000000000000000000000000E2
:10EE300000000000000000000000000000000000D2
:10EE400000000000000000000000000000000000C2
:10EE500000000000000000000000000000000000B2
:10EE600000000000000000000000000000000000A2
:10EE70000000000000000000000000000000000092
:10EE80000000000000000000000000000000000082
:10EE90000000000000000000000000000000000072
:10EEA0000000000000000000000000000000000062
:10EEB0000000000000000000000000000000000052
:10EEC0000000000000000000000000000000000042
:10EED0000000000000000000000000000000000032
:10EEE0000000000000000000000000000000000022
:10EEF0000000000000000000000000000000000012
:10EF00000000000000000000000000000000000001
:10EF100000000000000000000000000000000000F1
:10EF200000000000000000000000000000000000E1
:10EF30000000000000000000000000000000008051
:10EF400080C0C0C0C0C0C080000000000000000041
:10EF500000000000000000000000000000000000B1
:10EF600000000000000000000000000000000000A1
:10EF70000000000000000000000000000000000091
:10EF80000000000000000000000000000000000081
:10EF90000000000000000000000000000000000071
:10EFA0000000000000000000000000000000000061
:10EFB000000000000000000000000070FCFFFFFFE8
:10EFC000FFFFFFFFFFFFFFFFFFFFFC7000000000DF
:10EFD0000000000000000000000000000000000031
:10EFE00000000000000000000000000030F8FCFC01
:10EFF000FCFEFEFEFEFEFEFEFEFEFEFEFCFCFCF83F
:10F000007000000000000000000000000000000090
:10F0100000000000000000000000000000000000F0
:10F0200000000000000000000000000000000000E0
:10F030000000000000000000000000808103070FB6
:10F040000F0F1F1F1F0F0F0F070701000000000009
:10F0500000000000000000000000000000000000B0
:10F0600000000000000000000000000000000000A0
:10F070000101010101010101010101010100000083
:10F080000000000000000000000000000000000080
:10F090000000000000000000000000000000000070
:10F0A0000000000000000000000000000000000060
:10F0B000000000000000000C0E07070F3F3E38184C
:10F0C0001C0E0E0E1C383020000000000000C0C0D6
:10F0D000E0E0E0E0E06060606060606060606060B0
:10F0E00060707060E0E0C000000000181C0E0E07A9
:10F0F000071E3C38381C0E0606060606060C1C1CAD
:10F100001E070000000000000000000000000000DA
:10F1100000000000000000000000000000000000EF
:10F1200000000000000000000000000000000000DF
:10F1300000000000000000000000000000000000CF
:10F1400000000000000000000000000000001FFFA1
:10F15000FFE00000000000000000000000000000D0
:10F16000000000E0FFFF1F000000000000000000A2
:10F17000000000000000000000000000000000008F
:10F18000000000000000000000000000000000007F
:10F19000000000000000000000000000000000006F
:10F1A000000000000000000000000000000000005F
:10F1B000000000000000000000000000000000004F
:10F1C000000000000000000000000000000000013E
:10F1D000070F1F3C3838707070706060707070700E
:10F1E000381C1F0F0300000000000000000000009A
:10F1F000000000000000000000000000000000000F
:10F2000000000000000000000000000000000000FE
:10F2100000000000000000000000000000000000EE
:10F2200000000000000000000000000000000000DE
:10F2300000000000000000000000000000000000CE
:10F2400000000000000000000000000000000000BE
:10F2500000000000000000000000000000000000AE
:10F26000000000000000000000000000000000009E
:10F27000000000000000000000000000000000008E
:10F28000000000000000000000000000000000007E
:10F29000000000000000000000000000000000006E
:10F2A000000000000000000000000000000000005E
:10F2B000000000000000000000000000000000004E
:10F2C000000000000000000000000000000000003E
:10F2D000000000000000000000000000000000002E
:10F2E000000000000000000000000000000000001E
:10F2F000000000000000000000000000000000000E
:10F3000000000000000000000000000000000000FD
:10F3100000000000000000000000000000000000ED
:10F3200000000000000000000000000000000000DD
:10F33000000000000000000000000000000000804D
:10F3400080C0C0C0C0C0C08000000000000000003D
:10F3500000000000000000000000000000000000AD
:10F36000000000000000000000000000000000009D
:10F37000000000000000000000000000000000008D
:10F38000000000000000000000000000000000007D
:10F39000000000000000000000000000000000006D
:10F3A000000000000000000000000000000000005D
:10F3B000000000000000000000000070FCFFFFFFE4
:10F3C000FFFFFFFFFFFFFFFFFFFFFC7000000000DB
:10F3D000000000000000000000000000000000002D
:10F3E0000000000000000000000070F8FCFEFEFEBF
:10F3F000FFFFFFFFFFFFFFFFFEFEFEFCF8700000B7
:10F4000000000000000000000000000000000000FC
:10F4100000000000000000000000000000000000EC
:10F4200000000000000000000000000000000000DC
:10F430000000000000000000000000808103070FB2
:10F440000F0F1F1F1F0F0F0F070701000000000005
:10F4500000000000000000000000000000000000AC
:10F460000000000000000000000000010103030391
:10F470000707070707070707030303010100000049
:10F48000000000000000000000000000000000007C
:10F49000000000000000000000000000000000006C
:10F4A000000000000000000000000000000000005C
:10F4B000000000000000000C0E07070F3F3E381848
:10F4C0001C0E0E0E1C383020000000000000C0C0D2
:10F4D000E0E0E0E0E06060606060606060606060AC
:10F4E00060707060E0E0C000000000181C0E0E07A5
:10F4F000071E3C38381C0E0606060606060C1C1CA9
:10F500001E070000000000000000000000000000D6
:10F5100000000000000000000000000000000000EB
:10F5200000000000000000000000000000000000DB
:10F5300000000000000000000000000000000000CB
:10F5400000000000000000000000000000001FFF9D
:10F55000FFE00000000000000000000000000000CC
:10F56000000000E0FFFF1F0000000000000000009E
:10F57000000000000000000000000000000000008B
:10F58000000000000000000000000000000000007B
:10F59000000000000000000000000000000000006B
:10F5A000000000000000000000000000000000005B
:10F5B000000000000000000000000000000000004B
:10F5C000000000000000000000000000000000013A
:10F5D000070F1F3C3838707070706060707070700A
:10F5E000381C1F0F03000000000000000000000096
:10F5F000000000000000000000000000000000000B
:10F6000000000000000000000000000000000000FA
:10F6100000000000000000000000000000000000EA
:10F6200000000000000000000000000000000000DA
:10F6300000000000000000000000000000000000CA
:10F6400000000000000000000000000000000000BA
:10F6500000000000000000000000000000000000AA
:10F66000000000000000000000000000000000009A
:10F67000000000000000000000000000000000008A
:10F68000000000000000000000000000000000007A
:10F69000000000000000000000000000000000006A
:10F6A000000000000000000000000000000000005A
:10F6B000000000000000000000000000000000004A
:10F6C000000000000000000000000000000000003A
:10F6D000000000000000000000000000000000002A
:10F6E000000000000000000000000000000000001A
:10F6F000000000000000000000000000000000000A
:10F7000000000000000000000000000000000000F9
:10F7100000000000000000000000000000000000E9
:10F7200000000000000000000000000000000000D9
:10F730000000000000000000000000000000008049
:10F7400080C0C0C0C0C0C080000000000000000039
:10F7500000000000000000000000000000000000A9
:10F76000000000000000000000008080C0C0E0E059
:10F77000E0E0E0E0C0808000000000000000000049
:10F780000000000000000000000000000000000079
:10F790000000000000000000000000000000000069
:10F7A0000000000000000000000000000000000059
:10F7B000000000000000000000000070FCFFFFFFE0
:10F7C000FFFFFFFFFFFFFFFFFFFFFC7000000000D7
:10F7D0000000000000000000000000000000000029
:10F7E000000000000000000038FEFFFFFFFFFFFFE9
:10F7F000FFFFFFFFFFFFFFFE3800000000000000DA
:10F8000000000000000000000000000000000000F8
:10F8100000000000000000000000000000000000E8
:10F8200000000000000000000000000000000000D8
:10F830000000000000000000000000808103070FAE
:10F840000F0F1F1F1F0F0F0F070701000000000001
:10F8500000000000000000000000000000000000A8
:10F860000000000000000000000001030707070F70
:10F870000F0F07070703030000000000000000004F
:10F880000000000000000000000000000000000078
:10F890000000000000000000000000000000000068
:10F8A0000000000000000000000000000000000058
:10F8B000000000000000000C0E07070F3F3E381844
:10F8C0001C0E0E0E1C383020000000000000C0C0CE
:10F8D000E0E0E0E0E06060606060606060606060A8
:10F8E00060707060E0E0C000000000181C0E0E07A1
:10F8F000071E3C38381C0E0606060606060C1C1CA5
:10F900001E070000000000000000000000000000D2
:10F9100000000000000000000000000000000000E7
:10F9200000000000000000000000000000000000D7
:10F9300000000000000000000000000000000000C7
:10F9400000000000000000000000000000001FFF99
:10F95000FFE00000000000000000000000000000C8
:10F96000000000E0FFFF1F0000000000000000009A
:10F970000000000000000000000000000000000087
:10F980000000000000000000000000000000000077
:10F990000000000000000000000000000000000067
:10F9A0000000000000000000000000000000000057
:10F9B0000000000000000000000000000000000047
:10F9C0000000000000000000000000000000000136
:10F9D000070F1F3C38387070707060607070707006
:10F9E000381C1F0F03000000000000000000000092
:10F9F0000000000000000000000000000000000007
:10FA000000000000000000000000000000000000F6
:10FA100000000000000000000000000000000000E6
:10FA200000000000000000000000000000000000D6
:10FA300000000000000000000000000000000000C6
:10FA400000000000000000000000000000000000B6
:10FA500000000000000000000000000000000000A6
:10FA60000000000000000000000000000000000096
:10FA70000000000000000000000000000000000086
:10FA80000000000000000000000000000000000076
:10FA900000000000000000000000000066626C72C0
:10FAA000777A646A79316F4257000000CCFA000817
:10FAB00000000020A40000000430000870FB0008D3
:10FAC000A4000020240A00001430000800000000F8
:10FAD00001020304010203040607080902040608E0
:10FAE00000000000000000009CCE00089CD200082E
:10FAF0009CD600089CDA00089CDE00089CE2000806
:10FB00009CE600089CEA00089CEE00089CF20008B5
:10FB10009CF60008000000000000000096000000B5
:10FB2000000000000000000000000000282828322B
:10FB300000FF0000000000000000000000000000C6
:10FB400000000000000000000000000000000000B5
:10FB50000000000000000000000000000000003075
:10FB600030303000000000010500000000000000FF
:04000005080000ED02
:00000001FF
