:020000040800F2
:100000006808002001010008E10A0008790A0008D8
:10001000DD0A0008C9080008271D000800000000CC
:1000200000000000000000000000000009120008AD
:10003000CD08000800000000F11000086D14000851
:100040001B0100081B0100081B0100081B01000820
:100050001B0100081B0100081B0100081B01000810
:100060001B0100081B0100081B0100081B01000800
:100070001B0100081B0100081B0100081B010008F0
:100080001B0100081B0100081B0100081B010008E0
:100090001B0100081B0100081B0100081B010008D0
:1000A0001B0100081B0100081B0100081B010008C0
:1000B000D11400081B0100081B0100081B010008E7
:1000C0001B0100081B0100081B0100081B010008A0
:1000D0001B010008BD1800082D1A0008151B000898
:1000E0001B0100081B0100081B010008DFF80CD0F1
:1000F00000F0D8FB00480047852900086808002068
:100100000648804706480047FEE7FEE7FEE7FEE7B1
:10011000FEE7FEE7FEE7FEE7FEE7FEE771140008F4
:10012000ED0000080649074A0868504343F23902C7
:10013000104408604008704701490860704700009B
:10014000640000206D4EC641F0B480EA0102D40F75
:100150004200B2EB410F02D20246084611464A0065
:1001600042D0C30DDDB2C1F3C752AD1A202D35DA2E
:10017000C1F3160141F4000204B15242C5F1200658
:1001800002FA06F12A411044B3EBD05F23D0C4B188
:10019000012DA0EBC35009DCF0BC4FF0004202EA95
:1001A000C352DBB200F5000000F0D9BA400000F104
:1001B000807000EBC350A0F1807040EAD17049001C
:1001C00009E0490841EAC071A0EBC35000F5000006
:1001D000400800EBC350F0BC00F0B8BA6142012205
:1001E00002EB4101001BF6E7F0BC704781F00041D3
:1001F000AAE780F00040A7E780EA010210B502F00C
:100200000043400022D04A001FD0010E01EB1261D2
:10021000C0F35600C2F3560240F4000042F400025C
:10022000A0FB022000047F39140400D0401C50EAD7
:10023000124001D44000491EC2B20C0604EBD0109B
:10024000401C4008802A02D003E0002010BD20F0AE
:100250000100002900DA0020184310BD30B480EA04
:10026000010202F0004530F0004221F0004013D0BE
:1002700090B1C30DD40DC2F31601C0F31600E41AF9
:1002800041F4000140F400027D34914201D3641C2A
:1002900000E04900002C02DA30BC002070474FF427
:1002A00000000023914201D3891A034340084FEA1A
:1002B0004101F7D151B1914202D14FF0004105E027
:1002C00002D24FF0010101E06FF0010103EBC450D5
:1002D000284430BC00F03ABA2DE9FE4F804681EA4E
:1002E0000300C00F0C46009021F0004123F00045B0
:1002F000B8EB0200A94105D24046214690461C4673
:100300000B46024623F00040104347D0270DC7F3A9
:100310000A00C3F30A510290401A019040286BDA98
:10032000C3F3130040F4801B0098924620B10023D1
:10033000D2EB030A63EB0B0B01985946C0F1400264
:10034000504600F0D2F906460D4650465946019AED
:1003500000F0EAF910EB08006141002487EA11522D
:1003600084EAE7731A4340D0009A62B3019A012AE3
:100370004FEA075215DC001B61EB02014FF000420F
:1003800002EA0752CDE90042001C41F580113246D5
:100390002B4600F021FA03B0BDE8F08F404621461D
:1003A000F9E7001B61EB0201001C41F58013001806
:1003B0005B412018A2F5001747EB030140EAD57016
:1003C000B6196D4111E06D084FEA360645EAC07571
:1003D0004FEA0752001B61EB0201001C41F580113E
:1003E00049084FEA30000019514132462B4603B00C
:1003F000BDE8F04F00F0E1B9009801224000002371
:10040000D0EB020263EBE073009821464FEAE07400
:10041000B8EB000061EB0401E9E783F000435BE720
:1004200081F0004158E72DE9FE4F81EA030404F012
:10043000004421F0004100944FF0000B23F00043F2
:1004400050EA01045ED052EA03045BD0C3F30A54BD
:10045000C1F30A552C44A4F2F3340194A0FB0254D6
:10046000C1F3130141F48011C3F3130343F4801368
:1004700001FB024400FB034E840A970A44EA8154BC
:1004800047EA8357A4FB076802958D0A05FB078599
:100490004FEA932C04FB0C542705029D4FEA0658A3
:1004A00047EA1637B5EB08056EEB070C870E920E80
:1004B00047EA811742EA8312A7FB0201B6EB0B0160
:1004C00064EB00042B0D43EA0C335E1844EB1C5024
:1004D000DA465146E7FB0201C5F313044FEA0B333A
:1004E00043EA14534FEA0432019C43EA0603A4F1A1
:1004F0000C040294009CCDE900B400F06DF903B047
:10050000BDE8F08F00200146F9E72DE9F04D81EAC2
:10051000030404F0004B21F0004514464FF0000A9C
:1005200023F0004150EA050220D054EA01021DD018
:10053000C5F30A570246C5F31303C1F31300C1F311
:100540000A5640F4801543F48013A7EB0608101BED
:10055000D64608F2FD3873EB050002D308F1010816
:1005600001E092185B41B8F1000F03DA0020014668
:10057000BDE8F08D00204FF48011064684460EE061
:10058000171B73EB050705D3121B63EB050306432B
:100590004CEA010C49084FEA300092185B4150EADE
:1005A0000107EDD152EA030012D082EA040083EA87
:1005B0000501084305D0101BAB4106D201220023E0
:1005C00006E000224FF0004302E06FF001025310FA
:1005D0001AEB06004CEB085110EB0A0041EB0B0143
:1005E000BDE8F04D00F0E9B8C10F80EAE0700844C2
:1005F000CA079623002100F0B2B8962300221146C4
:1006000000F0ADB820F00040C10DC0F3160040F47A
:1006100000007F2901DA00207047962903DCC1F130
:100620009601C840704796398840704730B5041E1F
:1006300071F1000404DB4FF00044404264EB01011F
:10064000141E73F1000405DB1C464FF000435242B8
:1006500063EB0403994208BF904230BD30B50B46AE
:10066000014600202022012409E021FA02F59D42E2
:1006700005D303FA02F5491B04FA02F52844151EB6
:10068000A2F10102F1DC30BD2DE9F05F054600204A
:1006900092469B4688460646814640241BE02846F3
:1006A00041464746224600F02FF853465A46C01AA4
:1006B000914110D311461846224600F016F82D1A23
:1006C00067EB01084F4622460120002100F00DF89B
:1006D00017EB00094E41201EA4F10104DFDC48465F
:1006E00031462A464346BDE8F09F202A04DB203AE3
:1006F00000FA02F1002070479140C2F1200320FA75
:1007000003F3194390407047202A04DB203A21FA72
:1007100002F00021704721FA02F3D040C2F120021A
:100720009140084319467047202A06DBCB17203A30
:1007300041FA02F043EAE07306E041FA02F3D040E6
:10074000C2F1200291400843194670470029A8BF12
:100750007047401C490008BF20F00100704710B4EA
:10076000B0FA80FC00FA0CF050EA010404BF10BC9F
:10077000704749B1CCF1200421FA04F411FA0CF1CC
:1007800018BF012121430843A3EB0C01CB1D4FEA05
:1007900000614FEA102042BF002010BC704700EB00
:1007A000C35010440029A4BF10BC7047401C49002E
:1007B00008BF20F0010010BC704710B5141E73F183
:1007C000000408DA401C41F1000192185B411A4311
:1007D00001D120F0010010BD2DE9F04D92469B465D
:1007E00011B1B1FA81F202E0B0FA80F22032904603
:1007F000FFF77BFF04460F4640EA0A0041EA0B017F
:1008000053465A46084313D0114653EA010019D003
:10081000C8F140025046FFF777FF05460E465046A6
:1008200059464246FFF761FF084305D0012004E026
:1008300020463946BDE8F08D0020054346EAE076C3
:100840002C4337430A986305E40AA0EB0800002212
:10085000FD0A44EA47540A3002D500200146E9E780
:10086000010510196941DDE9084500196941BDE834
:10087000F04DA2E7C1F30A52C1F3130140F2FF3376
:1008800041F480119A4202DA00200146704740F29A
:1008900033439A42A2F2334202DC5242FFF734BFA2
:1008A000FFF723BF064C074D06E0E06840F0010368
:1008B00094E8070098471034AC42F6D3FFF71AFCCF
:1008C00014E6000834E6000800BFFEE7704700B5F4
:1008D000034603E04FF47A7000F011F8181EA3F1FC
:1008E0000103F7D100BD10B5044603E04FF47A7060
:1008F000FFF7EDFF201EA4F10104F7D110BD00EBBE
:10090000C001C9004FF0E022516100219161052131
:10091000116100BF4FF0E021096901F48031002925
:10092000F8D004214FF0E022116170472DE9F04129
:10093000024600250026002000230024002791F80D
:1009400003C00CF00F0591F803C00CF0100CBCF1C3
:10095000000F03D091F802C04CEA050591F800C0E1
:10096000BCF1000F31D0146800202BE04FF0010CD7
:100970000CFA00F3B1F800C00CEA03069E4220D145
:1009800083004FF00F0C0CFA03F7BC4305FA03FC8D
:100990004CEA040491F803C0BCF1280F06D14FF0D3
:1009A000010C0CFA00FCC2F814C00AE091F803C074
:1009B000BCF1480F05D14FF0010C0CFA00FCC2F855
:1009C00010C0401C0828D1D31460B1F800C0BCF19D
:1009D000FF0F34DD546800202EE000F1080C4FF0CA
:1009E000010808FA0CF3B1F800C00CEA03069E42B5
:1009F00021D183004FF00F0C0CFA03F7BC4305FA2A
:100A000003FC4CEA040491F803C0BCF1280F05D1A3
:100A100000F1080C08FA0CF8C2F8148091F803C031
:100A2000BCF1480F07D100F1080C4FF0010808FA9B
:100A30000CF8C2F81080401C0828CED35460BDE8E2
:100A4000F0810246002093680B400BB1012000E0CA
:100A50000020704702460020D3680B400BB10120F4
:100A600000E00020704741617047016170470AB1A2
:100A7000016100E04161704700BFFEE710B54FF42F
:100A800000510848FFF7E6FF28B94FF40051054828
:100A9000FFF7EBFF04E04FF400510248FFF7E3FFDC
:100AA00010BD00000010014008B50121102000F029
:100AB00031FB10208DF803004002ADF80000032048
:100AC0008DF8020069460448FFF730FF4FF40051EB
:100AD0000148FFF7C8FF08BD0010014000BFFEE756
:100AE0007047000070B5002100230F22C47804B3C2
:100AF000154C246804F4E064C4F5E064210AC1F1F3
:100B00000403CA40447804FA03F184781440214372
:100B100009010E4C0678A155047804F01F05012444
:100B2000AC4005786D11AD0005F1E025C5F8004138
:100B300009E0047804F01F050124AC40044D067858
:100B4000761145F8264070BD0CED00E000E400E0B1
:100B500080E100E002490143024A11607047000051
:100B60000000FA050CED00E000200CE0002106E09A
:100B70000022064B03EBC0135A544A1CD1B2802901
:100B8000F6DB421CD0B20828F0DB7047680000207A
:100B90002DE9F04304460D4616461F467F2C01DD25
:100BA000BDE8F0833F2D00DDFAE7A119802902DDC1
:100BB000C4F18001CEB2E919402902DDC5F140013E
:100BC000CFB2284630E0234629E04FEAE07C00EB34
:100BD0005C7C4FEAEC0CDFF85C8008EBCC1C1CF86A
:100BE00003C002464FEAE07800EB58784FEAE80885
:100BF000A0EBC8094FF0010808FA09F82CEA080C24
:100C000001464FEAE07800EB58784FEAE808DFF851
:100C1000249009EBC81808F803C0591CCBB2A119DD
:100C20009942D2DC411CC8B2E9198142CBDC00BF39
:100C3000B6E700006800002038B5002406E0002573
:100C400000E06D1CB5F57A7FFBD3641CB4F57A7FA8
:100C5000F5D30121082000F05DFA14208DF803007F
:100C600003208DF802004FF48070ADF80000694653
:100C70000848FFF75BFE4FF40070ADF800006946CE
:100C80000448FFF753FE012000F066F9012000F050
:100C90006FF938BD000C014070B50546002411E025
:100CA00080212141294009B1012100E000210846AD
:100CB00000F05EF9012000F04FF9002000F04CF93F
:100CC000601CC4B2082CEBDB012000F045F90020C9
:100CD00000F042F970BD10B5012000F049F9012083
:100CE00000F03AF9002000F043F9002000F034F958
:100CF00010BD10B5002000F03BF9012000F02CF9E8
:100D0000012000F035F910BD10B5FFF795FFAE20BA
:100D100000F03AF9D52000F037F9802000F034F9DE
:100D2000A82000F031F93F2000F02EF9D32000F088
:100D30002BF9002000F028F9402000F025F9A1202F
:100D400000F022F9C82000F01FF9DA2000F01CF9A9
:100D5000122000F019F9812000F016F9CF2000F0E0
:100D600013F9D92000F010F9F12000F00DF9DB2083
:100D700000F00AF9302000F007F9A42000F004F98F
:100D8000A62000F001F98D2000F0FEF8142000F0FC
:100D9000FBF8AF2000F0F8F8FFF7E6FE00F0C8F827
:100DA00010BD0000002011E000210BE0094A02EB19
:100DB000C012525C82F0FF02064B03EBC0135A5480
:100DC0004A1CD1B28029F1DB421CD0B20828EBDBEF
:100DD000704700006800002070B505460C46A01C56
:100DE000C4B245F0B00000F0CFF8102141EA141071
:100DF00000F0CAF804F00F0000F0C6F870BD000063
:100E00002DE9F04707460C4690469946DDF820A0AC
:100E10007F2F01DDBDE8F0873F2C00DDFAE74B4670
:100E2000424621463846FFF7B3FE002570E0002613
:100E300069E0B8197F2800DD67E0E11704EB517124
:100E400005EBE101072900DDE4E72046E21704EBAA
:100E5000527205EBE202354B03EBC212BB19D25CB6
:100E60002146E31704EB5373DB10A4EBC30305FB2C
:100E7000086C1AF80CC00CFA03FC42EA0C02E317E7
:100E800004EB537305EBE303DFF8A0C00CEBC313D3
:100E900007EB060C03F80C20E11704EB517105EB8E
:100EA000E101491C072900DD2BE02046E21704EB95
:100EB000527205EBE202521C1C4B03EBC212BB192F
:100EC000D25C2146E31704EB5373DB10A4EBC3039E
:100ED000C3F1080305FB086C1AF80CC04CFA03FCBC
:100EE00042EA0C02E31704EB537305EBE3035B1CCC
:100EF000DFF838C00CEBC31307EB060C03F80C202B
:100F000000BF701CC6B2464593DB00BF681CC5B26B
:100F1000A9F10100C11700EB5171012202EBE101BF
:100F2000A94284DC00F004F800BF73E768000020E9
:100F300010B500240BE000212046FFF74DFF0549C6
:100F400001EBC410802100F02FF8601CC4B2082C03
:100F5000F1DB10BD6800002010B5044622464FF4B6
:100F600080710248FFF783FD10BD0000000C0140B6
:100F700010B5044622464FF400710248FFF777FD92
:100F800010BD0000000C014010B50446FFF7A3FEA1
:100F90007820FFF781FE0020FFF77EFE2046FFF756
:100FA0007BFEFFF7A6FE10BD70B505460E46FFF7A7
:100FB00092FE7820FFF770FE4020FFF76DFE0024C0
:100FC00004E0285DFFF768FE601CC4B2B442F8DBA1
:100FD000FFF78FFE70BD000000B589B0012102202F
:100FE00000F088F80121042000F094F80121082085
:100FF00000F090F818208DF82300C020ADF82000F4
:1010000003208DF8220008A92248FFF78FFC032057
:10101000ADF8200008A92048FFF788FC1F4800F021
:10102000A0FA0020ADF81A00ADF8160044F61F60D3
:10103000ADF818004720ADF8140000208DF81C0012
:1010400005A9164800F0D4FB01A800F0BDFB602004
:10105000ADF804000020ADF80C000120ADF806004A
:101060000020ADF80A0001A90C4800F0CDFA01A952
:101070000A4800F01BFB01A9084800F079FA01A911
:10108000064800F063FB0121044800F040FA09B073
:1010900000BD000000080140000C014000040040B9
:1010A00010B504462146024800F098FB10BD000030
:1010B0000004004010B504462146024800F090FBB1
:1010C00010BD00000004004010B50446214602484F
:1010D00000F088FB10BD00000004004010B504467D
:1010E0002146024800F080FB10BD000000040040D3
:1010F0007047000029B1064AD2690243044BDA6105
:1011000004E0034AD2698243014BDA617047000070
:101110000010024029B1064A92690243044B9A61C9
:1011200004E0034A92698243014B9A6170470000D0
:101130000010024030B500210022002400232D4D74
:101140006D6805F00C0121B1042905D0082923D1CF
:1011500005E0294D056022E0274D05601FE0254D83
:101160006D6805F47012234D6D6805F48034022516
:1011700005EB92421CB9214D554305600BE01D4D16
:101180006D6805F400351DB11C4D5543056002E046
:10119000194D5543056002E0174D056000BF00BFC3
:1011A000144D6D6805F0F0010909154D6B5C05687B
:1011B000DD4045600F4D6D6805F4E061090A104D92
:1011C0006B5C4568DD4085600A4D6D6805F46051D3
:1011D000C90A0B4D6B5C4568DD40C560054D6D6807
:1011E00005F44041890B074D6B5CC568B5FBF3F511
:1011F000056130BD0010024000127A0000093D0078
:1012000000000020100000207047000010B50648C4
:1012100000F089F9A0F5FA70B42148434FF4FA615F
:1012200090FBF1F0C0B210BD0004004010B50648BC
:1012300000F07CF9A0F5FA70B42148434FF4FA614C
:1012400090FBF1F0C0B210BD0004004010B506489C
:1012500000F06FF9A0F5FA70B42148434FF4FA6139
:1012600090FBF1F0C0B210BD0004004010B506487C
:1012700000F062F9A0F5FA70B42148434FF4FA6126
:1012800090FBF1F0C0B210BD0004004010B5FFF7B4
:10129000A3FE10BD2DE9F04104460A492046FEF7A1
:1012A000DDFF80460849FEF7A7FF07460749FEF71E
:1012B0004BFF0646FFF7A6F985B22846FFF7F0FE7A
:1012C000BDE8F081000034430000FA440000FA4316
:1012D0002DE9F04104460A492046FEF7BFFF80464B
:1012E0000849FEF789FF07460749FEF72DFF064626
:1012F000FFF788F985B22846FFF7DCFEBDE8F081EC
:10130000000034430000FA440000FA432DE9F041A4
:1013100004460A492046FEF7A1FF80460849FEF729
:101320006BFF07460749FEF70FFF0646FFF76AF90E
:1013300085B22846FFF7C8FEBDE8F08100003443BF
:101340000000FA440000FA432DE9F04104460A493E
:101350002046FEF783FF80460849FEF74DFF07460B
:101360000749FEF7F1FE0646FFF74CF985B228461D
:10137000FFF7B4FEBDE8F081000034430000FA44FA
:101380000000FA4310B500F001F810BD0CB50020C4
:10139000019000903348006840F480303149086083
:1013A00000BF3048006800F4003000900198401CF5
:1013B0000190009818B90198B0F5A06FF1D12948B3
:1013C000006800F4003010B10120009001E000201E
:1013D00000900098012843D12348006840F0100095
:1013E000214908600846006820F0030008600846AC
:1013F000006840F0020008601A48406819494860D7
:101400000846406848600846406840F4806048608C
:101410000846406820F47C1048600846406840F464
:10142000E81048600846006840F08070086000BF1F
:101430000C48006800F000700028F9D009484068A6
:1014400020F00300074948600846406840F0020069
:10145000486000BF0348406800F00C000828F9D13C
:101460000CBD000000100240002002407047000048
:1014700010B51348006840F00100114908600846A3
:101480004068104908400E494860084600680E4907
:1014900008400B4908600846006820F48020086076
:1014A0000846406820F4FE0048604FF41F00886042
:1014B000FFF768FF4FF000600449086010BD0000AE
:1014C000001002400000FFF8FFFFF6FE08ED00E00C
:1014D00010B50121880700F033F801280ED1022150
:1014E0000748FFF7AEFA012804D106480088401CDF
:1014F000044908800121880700F006F810BD0000AB
:10150000000801405E000020CA430282704721B1FA
:10151000028842F00102028004E002884FF6FE7366
:101520001A40028070470146888E70470146088F36
:1015300070470146888F70470146B1F840007047F8
:1015400030B50246002000230024158A05EA010375
:10155000958905EA010413B10CB1012000E00020D7
:1015600030BD01894FF6F8721140018170470000CB
:1015700070B5002400220023058C4FF6FE7635401E
:101580000584028C8388048B4FF68F752C40B51E22
:101590002C400D882C43751E2A400D892A434D8806
:1015A0002A43144DA8420BD0134DA84208D0134D26
:1015B000A84205D0124DA84202D0124DA84213D124
:1015C0004FF6F7752A404D892A434FF6FB752A409E
:1015D0008D882A434FF6FF652B404FF6FF552B4071
:1015E0008D892B43CD892B4383800483CD888586C9
:1015F000028470BD002C01400034014000400140D5
:10160000004401400048014070B50024002200233E
:10161000058C4FF6EF7635400584028C8388048B69
:1016200048F6FF752C404FF6FF452C400D884FF6CD
:10163000FF7606EA05252C434FF6DF752A400D8913
:1016400006EA05152A434D8806EA05152A43154D75
:10165000A84202D0144DA8421DD14FF67F752A40F2
:101660004D894FF6FF7606EA05152A434FF6BF75FA
:101670002A408D8806EA05152A434FF6FF352B4090
:101680004FF2FF752B408D8906EA85052B43CD89E6
:1016900006EA85052B4383800483CD880587028471
:1016A00070BD0000002C01400034014070B50024E2
:1016B00000220023058C4FF6FF6635400584028C1E
:1016C0008388848B4FF68F752C404FF6FC752C4029
:1016D0000D882C434FF6FF552A400D894FF6FF76B3
:1016E00006EA05252A434D8806EA05252A43154DB5
:1016F000A84202D0144DA8421DD14FF2FF752A40D6
:101700004D894FF6FF7606EA05252A434FF6FF3549
:101710002A408D8806EA05252A434EF6FF752B40A0
:101720004DF6FF752B408D8906EA05152B43CD89B3
:1017300006EA05152B4383808483CD888587028440
:1017400070BD0000002C01400034014070B5002243
:1017500000230024058C4EF6FF7635400584038C6B
:101760008488828B48F6FF752A404FF6FF452A4051
:101770000D884FF6FF7606EA05252A434DF6FF75DC
:101780002B400D8906EA05352B434D8806EA0535C1
:101790002B430B4DA84202D00A4DA84208D14BF66C
:1017A000FF752C408D894FF6FF7606EA85152C4390
:1017B00084808283CD88A0F84050038470BD0000EF
:1017C000002C0140003401400021018041808180D3
:1017D000C180018141818181C181704781867047CB
:1017E0000187704781877047A0F84010704700005C
:1017F000002202881D4B98420ED01D4B98420BD000
:10180000B0F1804F08D01B4B984205D01A4B98423C
:1018100002D01A4B984204D14FF68F731A404B886E
:101820001A43174B984207D0164B984204D04FF6F4
:10183000FF431A40CB881A4302808B8883850B882C
:1018400003850A4B98420BD0094B984208D00E4BA7
:10185000984205D00D4B984202D00D4B984201D1D1
:101860000B7A03860123838270470000002C01401D
:10187000003401400004004000080040000C00401B
:1018800000100040001400400040014000440140AE
:101890000048014001480078704700001400002013
:1018A00005480078012804D1002003490870012070
:1018B00070470020FCE700001500002010B540F242
:1018C0002551094800F06AF901280CD1064800F0BA
:1018D00021FA0649087001200549087040F2255197
:1018E000014800F033F910BD003801401400002019
:1018F0001500002000B587B001218803FFF70AFC1E
:1019000001210420FFF706FC18208DF81B004FF47E
:101910000070ADF8180003208DF81A0006A91F48C2
:10192000FFF704F848208DF81B004FF48060ADF8F5
:10193000180006A91948FEF7F9FF4FF4E1300290AC
:101940000020ADF814000C20ADF812000020ADF816
:101950001000ADF80E00ADF80C0002A9104800F020
:101960006DF9012240F225510D4800F041F94FF484
:10197000A060FFF7EFF825208DF8040001208DF816
:1019800007008DF805008DF8060001A8FFF7AAF8FA
:101990000121034800F0E9F807B000BD000801404C
:1019A000003801400FB400B59BB01DA8019002A8FB
:1019B000019A1C9900F0BAF90020019002A800F0E9
:1019C00013F81BB05DF814FB10B50446214605481A
:1019D00000F0A5F900BF8021024800F0D2F80028ED
:1019E000F9D010BD0038014070B50446002504E070
:1019F000605DFFF7E9FF681CC5B2605D0028F7D1A4
:101A000070BD0000014800787047000016000020FB
:101A100005480078012804D10020034908700120FE
:101A200070470020FCE700001700002010B540F2CE
:101A30002551094800F0B2F801280CD1064800F001
:101A400069F90649087001200549087040F22551DE
:101A5000014800F07BF810BD004400401600002053
:101A60001700002000B587B001210420FFF752FBCA
:101A700001214804FFF73EFB03208DF81A001820CF
:101A80008DF81B000420ADF8180006A91F48FEF7CA
:101A90004DFF48208DF81B000820ADF8180006A95E
:101AA0001A48FEF743FF4FF4165002900020ADF89D
:101AB00014000C20ADF812000020ADF81000ADF8B5
:101AC0000E00ADF80C0002A9114800F0B7F8012291
:101AD00040F225510E4800F08BF84FF4A060FFF75C
:101AE00039F826208DF8040001208DF807008DF8C4
:101AF000050002208DF8060001A8FEF7F3FF012182
:101B0000034800F032F807B000BD000000080140B3
:101B10000044004010B540F22551094800F03EF85D
:101B200001280CD1064800F0F5F80649087001209C
:101B30000549087040F22551014800F007F810BD32
:101B400000480040180000201900002010B50022B5
:101B5000002340F66A14A14200D100BF0A120124FA
:101B60009440A3B2DC43048010BD21B1828942F4C9
:101B70000052828104E082894DF6FF731A4082810F
:101B8000704702460020B1F5007F00D100BF1388E6
:101B90000B400BB1012000E00020704770B50246F9
:101BA000002400230025002040F66A16B14200D12F
:101BB00000BFC1F3421501F01F03012606FA03F32B
:101BC000012D02D19689334006E0022D02D1168AFA
:101BD000334001E0968A33400C12012606FA04F4E1
:101BE0001688344013B10CB1012000E0002070BD14
:101BF000F0B50346002400260025002040F66A17B1
:101C0000B94200D100BF1846C1F3421401F01F06CB
:101C1000012707FA06F5012C01D10C3004E0022C53
:101C200001D1103000E014301AB107682F4307606B
:101C300002E00768AF430760F0BD00002DE9F04700
:101C400086B005460E460024A24600BFA1460027E6
:101C5000B08900B100BF2F462C8A4CF6FF700440BB
:101C6000F08804432C82AC894EF6F3100440B0880F
:101C700031890843718908430443AC81AC8A4FF62B
:101C8000FF400440B0890443AC8201A8FFF752FA38
:101C90001F48874202D1DDF810A001E0DDF80CA05A
:101CA000A88900F4004040B10AEBCA0000EB0A101A
:101CB00031684900B0FBF1F807E00AEBCA0000EB1D
:101CC0000A1031688900B0FBF1F86420B8FBF0F02D
:101CD00004012009642101FB1089A88900F4004057
:101CE00040B1322000EBC900B0FBF1F000F007007A
:101CF000044308E0322000EB09106421B0FBF1F04E
:101D000000F00F0004432C8106B0BDE8F08700000E
:101D10000038014001468888C0F308007047C1F3CD
:101D200008028280704700BFFEE7000037B5144606
:101D30000846064B6A46214600F0DCF80446694630
:101D4000002000F06EFC20463EBD00002326000867
:101D500002E008C8121F08C1002AFAD17047704774
:101D6000002001E001C1121F002AFBD170470000D2
:101D70002DE9FF5F82B00021DDE90430020DDDF8BE
:101D800040B0034318D044F61050A2F2FF32424351
:101D90001514119801281FD0A5EB0B00401C5FEA19
:101DA000000A4FF000064E4FDFF83891B04650461B
:101DB00015D5CAF1000413E0119801244AA30128A3
:101DC00001D16FEA0B010298119AC0E90031C0E914
:101DD000024206B0BDE8F09FCBF10000DFE7044609
:101DE0000021404A491842EB0450CDE9001012E0AE
:101DF000E00707D032463B4640464946FEF713FB14
:101E00008046894632463B4610461946FEF70BFB94
:101E100006460F466410002CEAD1DDE90401DDE935
:101E20000023BAF1000F06DAFEF7FDFA42464B46F0
:101E3000FEF7F9FA05E0FEF768FB42464B46FEF76F
:101E400064FB04460E460022284BFEF7EFFB03D846
:101E50004FF0FF30014607E00022254B2046314677
:101E6000FEF73AFAFEF706FD102409E0002C0ADB23
:101E70000A220023FEF708FC039B30321A55641E29
:101E800050EA0102F2D1641C039AC4F11103144414
:101E9000119A012A03D0012208430DD10AE0084318
:101EA00004D000204FF0110B119072E7A3EB0B054B
:101EB0006D1E0DE05B4504DD4FF0000205F10105EC
:101EC00004E003DA4FF00002A5F10105002AECD08E
:101ED00002981199C0E90231C0E9004579E7000094
:101EE000000014400000F03F300000000000F0430C
:101EF0000000E03F2DE9FF4F95B09B46894606461E
:101F000000250FE2252877D100242746F84A012131
:101F1000059400E0044316F8013F203B01FA03F06A
:101F20001042F7D130782A2811D06FF02F03307883
:101F3000A0F13002092A16D8059A44F0020402EBF7
:101F4000820203EB42021044761C0590EFE759F839
:101F5000042B0592002A03DA504244F40054059001
:101F600044F00204761C30782E2816D116F8010FA2
:101F700044F004042A280DD06FF02F023078A0F12D
:101F80003003092B09D807EB870302EB4303C7187B
:101F9000761CF3E759F8047B761C30786C280FD058
:101FA00006DC4C2817D068280DD06A2814D104E02C
:101FB000742810D07A280FD10DE044F400140AE000
:101FC00044F4801401E044F440147278824202D157
:101FD00004F58014761C761C307866280BD013DC50
:101FE000582877D009DC002875D04528F6D0462837
:101FF000F4D047281AD19DE118E0632835D0642831
:1020000079D0652812D195E1702873D008DC672853
:10201000F1D069286FD06E280DD06F2806D1B5E0B9
:1020200073282CD0752875D0782874D05A46179903
:1020300090476D1C75E1C4F30250022809D00328B3
:102040000DD0D9F8001004280DD00D6009F1040955
:1020500067E1D9F80010EA17C1E90052F6E7D9F8AC
:1020600000100D80F2E70D70F0E719F8041B8DF8F1
:10207000001000208DF80100EA46012003E059F825
:1020800004AB4FF0FF3061074FF0000102D40DE0C8
:1020900008F101018846B9420FDA8045F8DB1AF8E9
:1020A00008100029F4D108E008F1010188468142B6
:1020B000FADB1AF808100029F6D105985B46A0EB68
:1020C000080721463846179A00F094FA284400EB96
:1020D000080507E04DE029E10DE01AF8010B5A462A
:1020E00017999047B8F10108F7D25B462146384668
:1020F000179A13E142E00A220092C4F302524FF011
:10210000000A022A08D059F804CB032A4FEAEC71DE
:102110000AD00DE029E02AE009F1070121F00702C9
:10212000F2E802C1914609E00FFA8CFC4FEAEC712B
:10213000042A03D14FFA8CFC4FEAEC71002907DA2C
:102140000A460021DCF1000C61EB02012D2202E0C5
:10215000220504D52B228DF80420012203E0E2079A
:1021600001D02022F7E7904659E00A2102E0102230
:102170000DE010214FF0000A00910BE010224FF00B
:10218000000A44F004040827009203E008224FF0FC
:10219000000A0092C4F30252022A05D059F804CB77
:1021A0000021032A08D009E009F1070121F0070204
:1021B000F2E802C1914605E01FFA8CFC042A01D125
:1021C0000CF0FF0C4FF00008220728D5702806D02D
:1021D000009B83F0100353EA0A0305D00EE040226F
:1021E0008DF80420012208E05CEA010206D03022CA
:1021F0008DF804208DF8050002229046009B83F0A4
:10220000080353EA0A030AD15CEA010201D162071A
:1022100005D530228DF804204FF001087F1E582884
:1022200004D034A003900EA802900DE036A0F9E788
:1022300053466046009AFEF727FA84460398825C6C
:102240000298401E029002705CEA0100F0D10298F0
:1022500006A9081A00F1200A600702D524F4803488
:1022600000E00127574502DDA7EB0A0000E000204F
:1022700000EB0A01009005984144401A0590E003E4
:1022800006D45B462146179A059800F0B3F9054439
:10229000002706E001A85A46C05D179990476D1CBB
:1022A0007F1C4745F6DBE0030CD55B462146179AB9
:1022B000059800F09FF9054404E030205A4617992C
:1022C00090476D1C0099481E00900029F5DC08E03D
:1022D000029802995A460078491C02911799904732
:1022E0006D1CBAF10001AAF1010AF1DC65E1000000
:1022F00009280100303132333435363738396162DC
:10230000636465660000000030313233343536379F
:1023100038394142434445460000000000F058F976
:102320000544761C307800287FF4ECAD19B02846BF
:10233000BDE8F08F620700D4062709F1070222F0FA
:10234000070CFCE80223E14603F000485FEA080CB2
:1023500002D00FF2702C0DE05FEA045C02D50FF2A0
:10236000682C07E05FEAC47C02D00FF2602C01E029
:10237000AFF2700C4FF0FF3823F00043CDF850C09F
:1023800065280CD006DC452809D046281DD04728F2
:102390003DD13DE0662818D067287ED138E0002185
:1023A000112F01DB112000E0781CCDE9000106A906
:1023B0000EA8FFF7DDFCDDE90F010E9A0391002165
:1023C000009207F1010A04914DE04FF000400097A0
:1023D000CDE9011006A90EA8FFF7CAFCDDE90F023E
:1023E00003920E9B11990022DDF80CA00093049239
:1023F00011B9791C00EB010AB7EB0A0004D4C0F153
:10240000FF3007F1010A0490AAEB0700019044E0B5
:10241000012F00DA01270021112F01DD112000E03A
:102420003846CDE9000106A90EA8FFF7A1FCDDE9B9
:102430000F010E9A0391002104910092BA462107E0
:102440000CD40399514500DA8A46BAF1010F05DD33
:10245000009AAAF10101515C302908D0B84202DA91
:1024600010F1040F06DA0121CDE9011015E0AAF1FF
:102470000101E9E7002805DC049901440491AAEB75
:10248000000102E0411C514500DD8A460499401AD2
:10249000401C01904FF000400290200704D40198A6
:1024A000504501DBCDF8048000208DF84F000298E4
:1024B0000DF14F07B0F1004F25D02B200E90029860
:1024C0004FF0020800280CDA404202902D200E90B6
:1024D00007E00A210298FEF7C1F83031029007F8B0
:1024E000011DB8F10001A8F10108F2DC02980028F2
:1024F000EFD1791E0E980870307800F0200040F07F
:10250000450007F8020D12A8C01B00F10708149837
:10251000007800B1012000EB0A01019801EBE071A5
:1025200005984144401A401E0590E00306D45B46DE
:102530002146179A059800F05DF805441498007834
:1025400018B15A46179990476D1CE00324D55B4695
:102550002146179A059800F04DF805441CE00498B0
:10256000002807DBDDE90301884203DD0098405CB9
:10257000179901E0179930205A469047049805F1C1
:102580000105401C04900198401E019004D12E20AA
:102590005A46179990476D1CBAF10001AAF1010A39
:1025A000DDDC05E017F8010B5A46179990476D1CC2
:1025B000B8F10001A8F10108F4DC5B462146179A46
:1025C0000598ABE62D0000002B0000002000000065
:1025D0002DE9F041044600251E461746880404D420
:1025E00005E039462020B0476D1C641EF9D5284609
:1025F000BDE8F0812DE9F041044600251E469046D5
:10260000C80301D5302700E02027880404D505E061
:1026100041463846B0476D1C641EF9D52846BDE8D2
:10262000F0810A68531C0B6010707047F8B501F018
:1026300019FA3C4800684023802200210090084697
:10264000FEF7DEFB0520FEF74EF9374840238022D7
:10265000002100900846FEF7D3FB0120FEF743F966
:102660003048006840238022002100900846FEF791
:10267000C7FB0120FEF737F92C48FEF729FE2C484E
:10268000FEF762FE002542E0002411E004F15A004A
:10269000FDF7AAFF0646FEF7FDFDC4F15A00FDF75F
:1026A000A3FF0646FEF732FE0520FEF710F9641C74
:1026B0002D2CEBDB002411E0C4F18700FDF794FF23
:1026C0000646FEF7E7FD04F12D00FDF78DFF0646F7
:1026D000FEF71CFE0520FEF7FAF8641C5A2CEBDB13
:1026E000002411E004F12D00FDF77EFF0646FEF701
:1026F000D1FDC4F18700FDF777FF0646FEF706FE21
:102700000520FEF7E4F8641C2D2CEBDB6D1C032D7B
:10271000BADB084800780849087035200549087078
:10272000F8BD00001C0000201486000800000743CC
:10273000000034425B0000205C00002070B50020E7
:102740008F4908602BE08E49096801F15A00FDF7B6
:102750004BFF0446FEF79EFD89490968C1F15A0006
:10276000FDF742FF0446FEF7D1FD85490968C1F136
:102770005A00FDF739FF0446FEF7AAFD80490968B3
:1027800001F15A00FDF730FF0446FEF7DDFD0F2092
:10279000FEF79DF87A480068401C7949086078483F
:1027A00000685A28CFDB4FF4FA70FEF790F800204B
:1027B0007349086027E072490968C1F1B400FDF768
:1027C00013FF0446FEF766FD6D490868FDF70CFF30
:1027D0000446FEF79BFD6A490868FDF705FF0446BD
:1027E000FEF776FD66490968C1F1B400FDF7FCFE0D
:1027F0000446FEF7A9FD0F20FEF769F8604800685F
:10280000401C5F4908605E4800685A28D3DB4FF4DB
:10281000FA70FEF75CF800205949086031E0584929
:102820000C6804EBD4714910C1F15A00FDF7DCFECD
:102830000546FEF72FFD52490C6804EBD471491090
:1028400001F15A00FDF7D0FE0546FEF75FFD4C4949
:102850000968C1F15A00FDF7C7FE0446FEF738FDCE
:102860004749096801F15A00FDF7BEFE0446FEF72C
:102870006BFD0F20FEF72BF841480068401C4049D3
:1028800008603F4800685028C9DB4FF4FA70FEF733
:102890001EF800203A4908602BE03949096801F127
:1028A0003200FDF7A1FE0446FEF7F4FC3449096846
:1028B000C1F18200FDF798FE0446FEF727FD30497E
:1028C000096801F10A00FDF78FFE0446FEF700FDDE
:1028D0002B490968C1F1AA00FDF786FE0446FEF700
:1028E00033FD0F20FDF7F3FF25480068401C244905
:1028F0000860234800687828CFDB4FF4FA70FDF7B2
:10290000E6FF00201E49086031E01D490968C1F159
:10291000AA00FDF769FE0446FEF7BCFC18490968E9
:1029200001F10A00FDF760FE0446FEF7EFFC1449D2
:102930000C6804EBD4714910C1F18200FDF754FE1C
:102940000546FEF7C5FC0E490C6804EBD47149102E
:1029500001F13200FDF748FE0546FEF7F5FC0F20B9
:10296000FDF7B5FF06480068401C054908600448AB
:1029700000685028C9DB4FF4FA70FDF7A8FF70BD5E
:102980004800002008B5FEF78FF8FEF7BDF9FEF706
:10299000B1FFFFF767F8FEF779FC00F0C1FBFEF727
:1029A000E3F8584840238022002100900846FEF7B3
:1029B00027FA55A0FEF7F6FFA2E0FEF771FF48B137
:1029C000FEF768FF554908700846017854A0FEF7E5
:1029D000E9FF0BE0FFF71CF840B1FFF713F84F4990
:1029E00008700846017854A0FEF7DCFFFDF79AFB5B
:1029F000054600EBD5704010A5EB40044748007831
:102A0000662827D018DC512872D00CDC35283AD043
:102A100004DC31284ED0322870D155E042285AD0FB
:102A20004B286BD15DE052285ED0572863D06228D6
:102A300013D0642862D11FE06A3811285ED2DFE823
:102A400000F0335D0F5D5D4D3C25122C5D5D5D1525
:102A50005D36180000F026F950E000F07BF84DE0FC
:102A600000F066FA4AE000F08FFA47E000F0A8FBB9
:102A700044E000F0D1FB41E014B100F0E7F801E0E0
:102A800000F098F83AE000F04BFB37E0304800786F
:102A9000302801D000F02EFB30E02D48007873285C
:102AA00001D000F059FB29E000F0E2FB26E000F045
:102AB0000DFA23E000F02EF920E025480078702878
:102AC00001D000F08DFA19E021480078322801D0B9
:102AD00000F0CAFA12E000F06DF80FE000F052F9D1
:102AE0000CE000F067F809E001F04AF906E0FFE7C2
:102AF00001F012FA02E0FFF799FD00BF00BF00BF2E
:102B00005BE70000644D000868656C6C6F206D61C8
:102B10006E20626F20646F670D0A00005B0000206A
:102B200075617274315F636F6D6D616E643A633AA3
:102B300025630D0A0000000075617274325F636FD7
:102B40006D6D616E643A633A25630D0A0000000002
:102B50005C00002010B513480078C8B11248007816
:102B600020B101F051F800200F49087000F09EFBE1
:102B7000FDF784FFFEF716F9FEF7DAF90B48007847
:102B80000B49087007480078401E0649087008E0A5
:102B900035200649087005200249087001200249C5
:102BA000087010BD61000020600000205B00002064
:102BB0005C00002008B51D484023802200210090C1
:102BC0000846FEF71DF91A48FEF764FB1948402332
:102BD0008022002100900846FEF712F91648FEF701
:102BE00095FB1648FEF756FB1448FEF78FFB14487A
:102BF00040238022002100900846FEF701F90B488F
:102C000040238022002100900846FEF7F9F800F0EA
:102C100043FD00F041FD0520FDF765FE0948007801
:102C20000949087030200749087008BD6461000830
:102C30000000074364710008000034420000B44201
:102C4000646900085B0000205C00002010B511489A
:102C50000078A8B11048007820B100F0D5FF00201E
:102C60000D49087000F07CFBFDF708FF0B48007869
:102C70000B49087007480078401E0649087008E0B4
:102C800035200649087005200249087001200249D4
:102C9000087010BD61000020600000205B00002073
:102CA0005C00002010B514480078D0B113480078BB
:102CB00020B100F0A9FF00201049087000F0E6FBE9
:102CC000FDF7DCFE0E4800780E4908700A480078CF
:102CD000401E09490870084601780BA0FEF762FE05
:102CE00008E03520064908700520034908700120D6
:102CF0000249087010BD0000610000206000002043
:102D00005B0000205C000020737465703A25640D40
:102D10000A00000008B51648007808B3154840239B
:102D20008022002100900846FEF76AF812480078D9
:102D300000F0E0FD11484023802200210090084669
:102D4000FEF75EF800F0FCFBFDF798FE0C480078FB
:102D50000949087006480078401E0549087005E0DA
:102D600035200749087005200149087008BD00009A
:102D700061000020644900085C000020646D0008C8
:102D80005B000020F8B54C48007835280FD04A4841
:102D9000007844280BD0494840238022002100902D
:102DA0000846FEF72DF84448007800F0A3FD44489B
:102DB00040238022002100900846FEF721F80024DD
:102DC00018E0C4F15A00FDF70FFC0546FEF762FA61
:102DD00004F15A00FDF708FC0546FEF779FAC4F144
:102DE0005A00FDF701FC0546FEF7AEFA0720FDF795
:102DF0006EFD641C142CE4DB002411E004F16E0071
:102E0000FDF7F2FB0546FEF763FAC4F14600FDF755
:102E1000EBFB0546FEF798FA0720FDF758FD641C0A
:102E2000282CEBDB00240AE004F14600FDF7DCFB74
:102E30000546FEF72FFA0420FDF749FD641C3C2CE3
:102E4000F2DB3220FDF743FD002622E000250CE0F6
:102E500005EB8501C1F1B400FDF7C6FB0746FEF79F
:102E600019FA2820FDF733FD6D1C0A2DF0DB002533
:102E70000CE005EB850101F18200FDF7B5FB07468B
:102E8000FEF708FA2820FDF722FD6D1C0A2DF0DB65
:102E9000761C052EDADB0B48FEF7FCF94FF4FA70CE
:102EA000FDF715FDFDF7EAFD0748007802490870B7
:102EB000302005490870F8BD5C0000206449000816
:102EC0006475000800008C425B00002008B51448BF
:102ED00040238022002100900846FDF791FF114811
:102EE000007800F007FD1048402380220021009068
:102EF0000846FDF785FFFFF721FC094840238022A3
:102F0000002100900846FDF77BFFFDF7B7FD07485D
:102F100000780449087030200449087008BD00009A
:102F2000644900085C000020646900085B00002020
:102F300010B511480078A8B11048007820B100F011
:102F400063FE00200D49087000F042FBFDF796FD7E
:102F50000B4800780B49087007480078401E064966
:102F6000087008E0352006490870052002490870FD
:102F700001200249087010BD61000020600000209F
:102F80005B0000205C00002010B511480078A8B15B
:102F90001048007820B100F037FE00200D4908707D
:102FA00000F048FBFDF76AFD0B4800780B490870FC
:102FB00007480078401E0649087008E03520064999
:102FC000087005200249087001200249087010BDF0
:102FD00061000020600000205B0000205C000020F9
:102FE00038B51C48007835280FD01A480078712869
:102FF0000BD0194840238022002100900846FDF79D
:10300000FFFE1448007800F075FCFDF78BF80446CD
:1030100000EBD4704010A4EB400040B10F484023B7
:103020008022002100900846FDF7EAFE07E00C48E8
:1030300040238022002100900846FDF7E1FE00F0C9
:10304000C9FB08480078034908703020054908701A
:1030500038BD00005C00002064490008645D000881
:10306000646500085B00002038B51D4800783528ED
:1030700012D01B48007871280ED01A4840238022B5
:10308000002100900846FDF7BBFE1548007800F0CF
:1030900031FC0120FDF727FCFDF744F8044600EB66
:1030A000D4704010A4EB400040B10F484023802270
:1030B000002100900846FDF7A3FE07E00B484023DF
:1030C0008022002100900846FDF79AFE00F0CAFB1E
:1030D000074800780249087030200549087038BD5B
:1030E0005C00002064490008645D00086465000815
:1030F0005B00002010B500F087FD0748007800F065
:10310000F9FBFDF7BBFC0548007803490870302047
:103110000249087010BD00005C0000205B00002028
:1031200008B50A4840238022002100900846FDF798
:1031300067FE00F097FCFDF7A1FC05480078054903
:10314000087030200249087008BD00001492000881
:103150005B0000205C00002008B51448402380225A
:10316000002100900846FDF74BFE1148007800F062
:10317000C1FB104840238022002100900846FDF743
:103180003FFE00F083FC0C48402380220021009089
:103190000846FDF735FEFDF771FC08480078044944
:1031A000087030200549087008BD00006449000817
:1031B0005C000020644D0008647500085B0000207E
:1031C00010B511480078A8B11048007820B100F07F
:1031D0001BFD00200D49087000F05EFAFDF74EFC63
:1031E0000B4800780B49087007480078401E0649D4
:1031F000087008E03520064908700520024908706B
:1032000001200249087010BD61000020600000200C
:103210005B0000205C00002010B511480078A8B1C8
:103220001048007820B100F0EFFC00200D49087034
:1032300000F076FAFDF722FC0B4800780B49087085
:1032400007480078401E0649087008E03520064906
:10325000087005200249087001200249087010BD5D
:1032600061000020600000205B0000205C00002066
:1032700008B50B4840238022002100900846FDF746
:10328000BFFD00F0EFFB00F093FCFDF7F7FB0548F6
:1032900000780549087030200249087008BD000018
:1032A000644900085B0000205C00002010B528483D
:1032B000FDF7F0FF2748FEF747F827480068FDF7BD
:1032C00006FB2448FEF704F82148FEF71FF82248C1
:1032D0000068FDF7FCFA2148FDF7DCFF1F48FEF708
:1032E00033F81D480068FDF7F2FA1C48FDF7F0FFBF
:1032F0001A48FEF70BF818480068FDF7E8FA14487A
:10330000FDF7E6FF1348FEF701F813480068FDF7E4
:10331000DEFA1048FDF7BEFF0D48FEF715F80E481F
:103320000068FDF7D4FA0D48FDF7D2FF0B48FDF712
:10333000EDFF09480068FDF7CAFA0848FDF7AAFF43
:103340000648FEF701F804480068FDF7C0FA10BD12
:103350000000344200000743500000200000B44247
:1033600010B54648FDF796FF4448FDF7B1FF4448C5
:103370000068FDF7ACFA4148FDF7C8FF3F48FDF78C
:10338000E3FF3F480068FDF7A2FA3E48FDF782FFE1
:103390003C48FDF79DFF3A480068FDF798FA394828
:1033A000FDF7B4FF3748FDF7CFFF35480068FDF75C
:1033B0008EFA3248FDF78CFF3048FDF76BFF32483C
:1033C000FDF7A4FF3048FDF7BFFF9620FDF77FFA19
:1033D0002C48FDF75FFF2B48FDF77AFF2948FDF7E2
:1033E00095FF2848FDF7B0FF9620FDF770FA2648B4
:1033F000FDF78CFF2448FDF7A7FF21480068FDF783
:1034000066FA2148FDF746FF1F48FDF761FF1C489B
:103410000068FDF75CFA1B48FDF778FF1948FDF7D7
:1034200093FF17480068FDF752FA1648FDF732FF80
:103430001448FDF74DFF12480068FDF748FA12489E
:10344000FDF746FF1048FDF725FF0C48FDF75EFF2E
:103450000A48FDF779FF9620FDF739FA0948FDF78C
:1034600019FF0848FDF734FF0648FDF74FFF0548F0
:10347000FDF76AFF9620FDF72AFA10BD000007430A
:10348000500000200000B4420000344210B528482B
:10349000FDF700FF2748FDF757FF27480068FDF7B5
:1034A00016FA2448FDF714FF2148FDF72FFF2248A4
:1034B0000068FDF70CFA2148FDF7ECFE1F48FDF708
:1034C00043FF1D480068FDF702FA1C48FDF700FFA6
:1034D0001A48FDF71BFF18480068FDF7F8F9144873
:1034E000FDF7F6FE1348FDF711FF13480068FDF7DE
:1034F000EEF91048FDF7CEFE0D48FDF725FF0E480A
:103500000068FDF7E4F90D48FDF7E2FE0B48FDF712
:10351000FDFE09480068FDF7DAF90848FDF7BAFE34
:103520000648FDF711FF04480068FDF7D0F910BD0B
:103530000000074300003442500000200000B44265
:1035400010B500202149086019E020490968C1F13F
:103550005A00FDF749F80446FDF79CFE1B4909682F
:1035600001F15A00FDF740F80446FDF7CFFE0A20AE
:10357000FDF7ADF915480068401C14490860134870
:1035800000681428E1DB00201049086019E00F49A9
:10359000096801F15A00FDF727F80446FDF798FE87
:1035A0000A490968C1F15A00FDF71EF80446FDF703
:1035B000CBFE0A20FDF78BF904480068401C034944
:1035C0000860024800684128E1DB10BD4800002087
:1035D00010B51448FDF77CFE1248FDF797FE12481F
:1035E0000068FDF774F91148FDF754FE0F48FDF728
:1035F000ABFE0D480068FDF76AF90D48FDF768FE5F
:103600000B48FDF783FE08480068FDF760F908489D
:10361000FDF740FE0648FDF797FE03480068FDF7FA
:1036200056F910BD0000074350000020000034424E
:103630000000B44210B51448FDF72CFE1248FDF707
:1036400083FE12480068FDF742F91148FDF740FE7D
:103650000F48FDF75BFE0D480068FDF738F90D488F
:10366000FDF718FE0B48FDF76FFE08480068FDF7F0
:103670002EF90848FDF72CFE0648FDF747FE0348E3
:103680000068FDF724F910BD00003442500000200E
:10369000000007430000B44210B51E48FDF718FEB5
:1036A0001C48FDF7F7FD1C48FDF730FE1A48FDF7F2
:1036B0004BFE9620FDF70BF91848FDF7EBFD174878
:1036C000FDF706FE1548FDF721FE1448FDF73CFE08
:1036D0009620FDF7FCF81048FDF7FAFD0E48FDF7BF
:1036E000D9FD0C48FDF712FE0A48FDF72DFE962085
:1036F000FDF7EDF80948FDF7CDFD0848FDF7E8FDB9
:103700000648FDF703FE0548FDF71EFE9620FDF76F
:10371000DEF810BD00000743000034420000B44250
:1037200010B52848FDF7B6FD2648FDF7D1FD26481F
:103730000068FDF7CCF82348FDF7E8FD2148FDF7C8
:1037400003FE21480068FDF7C2F82048FDF7A2FDFE
:103750001E48FDF7BDFD1C480068FDF7B8F81B4882
:10376000FDF7D4FD1948FDF7EFFD17480068FDF798
:10377000AEF81748FDF7CAFD1548FDF7E5FD1248FC
:103780000068FDF7A4F81248FDF784FD1048FDF726
:103790009FFD0D480068FDF79AF80C48FDF7B6FD4F
:1037A0000A48FDF7D1FD08480068FDF790F8074882
:1037B000FDF770FD0548FDF78BFD03480068FDF738
:1037C00086F810BD00000743500000200000B442FE
:1037D0000000344210B500202149086019E020495A
:1037E000096801F15A00FCF7FFFE0446FDF752FD9F
:1037F0001B490968C1F15A00FCF7F6FE0446FDF7C3
:1038000085FD0A20FDF763F815480068401C14493F
:103810000860134800684B28E1DB0020104908606D
:1038200019E00F49096801F15A00FCF7DDFE044672
:10383000FDF78AFD0A490968C1F15A00FCF7D4FE78
:103840000446FDF745FD0A20FDF741F804480068ED
:10385000401C03490860024800684B28E1DB10BDAA
:103860004800002010B500202149086019E02049D7
:10387000096801F15A00FCF7B7FE0446FDF746FD62
:103880001B490968C1F15A00FCF7AEFE0446FDF77A
:1038900001FD0A20FDF71BF815480068401C14497B
:1038A0000860134800684B28E1DB002010490860DD
:1038B00019E00F49096801F15A00FCF795FE04462A
:1038C000FDF706FD0A490968C1F15A00FCF78CFEB4
:1038D0000446FDF739FD0A20FCF7F9FF04480068AB
:1038E000401C03490860024800684B28E1DB10BD1A
:1038F0004800002070B50446302C00D170BDFDF7A3
:1039000085FC54490870FDF791FC53490870FDF798
:103910009DFC52490870FDF7A9FC5149087086E0EA
:103920004C4800785A280CDD4A480078401E494926
:10393000087008460078FCF760FE0546FDF7AAFC13
:103940000FE0444800785A280BDA42480078401CBF
:103950004049087008460078FCF74FFE0546FDF721
:1039600099FC3E4800785A280CDD3C480078401EFF
:103970003A49087008460078FCF73FFE0546FDF717
:10398000C5FC0FE0354800785A280BDA3348007838
:10399000401C3249087008460078FCF72EFE0546A8
:1039A000FDF7B4FC2C4800785A280CDD2A48007832
:1039B000401E2949087008460078FCF71EFE05469F
:1039C000FDF786FC0FE0244800785A280BDA2248DD
:1039D0000078401C2049087008460078FCF70DFE6E
:1039E0000546FDF775FC1E4800785A280CDD1C487A
:1039F0000078401E1A49087008460078FCF7FDFD63
:103A00000546FDF7A1FC0FE0154800785A280BDAAF
:103A100013480078401C1249087008460078FCF7EB
:103A2000ECFD0546FDF790FC0A20FCF750FF094825
:103A300000785A287FF474AF084800785A28F9D1E2
:103A4000054800785A28F5D1054800785A28F1D160
:103A500000BF53E75400002055000020560000200E
:103A60005700002010B50848FDF714FC0648FDF784
:103A70002FFC0548FDF74AFC0348FDF765FC4FF4B1
:103A8000FA70FCF724FF10BD0000B44210B500200E
:103A90004349086019E04249096801F15A00FCF7FE
:103AA000A3FD0446FDF714FC3D490968C1F15A0025
:103AB000FCF79AFD0446FDF747FC0520FCF707FFDD
:103AC00037480068401C364908603548006841287E
:103AD000E1DB00203249086019E031490968C1F191
:103AE0005A00FCF781FD0446FDF7D4FB2C49096818
:103AF00001F15A00FCF778FD0446FDF707FC0520AC
:103B0000FCF7E5FE26480068401C2549086024486B
:103B100000681428E1DB4FF47A70FCF7D8FE00202F
:103B20001F49086010E01E49096801F14600FCF7D2
:103B30005BFD0446FDF7AEFB0420FCF7C8FE184809
:103B40000068401C16490860154800683C28EADBFC
:103B50004FF47A70FCF7BBFE1248FDF79BFB4FF465
:103B6000FA70FCF7B4FE1048FDF794FB4FF4FA70BE
:103B7000FCF7ADFE0B48FDF78DFB4FF4FA70FCF738
:103B8000A6FE0948FDF786FB4FF4FA70FCF79FFE8E
:103B90000648FDF77FFB0520FCF799FE10BD0000ED
:103BA00048000020000034430000024300008C4223
:103BB00010B51248FDF7AAFB1048FDF789FBC82095
:103BC000FCF785FE0E48FDF7A1FB0D48FDF780FBD5
:103BD000C820FCF77CFE0B48FDF75CFB0948FDF7AD
:103BE000B3FBC820FCF773FE0548FDF753FB044800
:103BF000FDF7AAFBC820FCF76AFE10BD0000A0413B
:103C00000000B4420000204338B5FCF78BFA0F21C6
:103C100090FBF1F201FB12040F2C11D2DFE804F04B
:103C200008111A232C353E475059626B747D86006B
:103C3000444840238022002100900846FDF7E0F828
:103C40007DE0414840238022002100900846FDF796
:103C5000D7F874E03D4840238022002100900846B8
:103C6000FDF7CEF86BE03A48402380220021009017
:103C70000846FDF7C5F862E036484023802200215F
:103C800000900846FDF7BCF859E0334840238022F5
:103C9000002100900846FDF7B3F850E02F4840237C
:103CA0008022002100900846FDF7AAF847E02C4842
:103CB00040238022002100900846FDF7A1F83EE055
:103CC000284840238022002100900846FDF798F8FC
:103CD00035E0254840238022002100900846FDF76A
:103CE0008FF82CE0214840238022002100900846D4
:103CF000FDF786F823E01E48402380220021009033
:103D00000846FDF77DF81AE01A484023802200217A
:103D100000900846FDF774F811E017484023802210
:103D2000002100900846FDF76BF808E01348402397
:103D30008022002100900846FDF762F800BF00BF16
:103D400038BD0000147E00081482000814860008A4
:103D5000148A0008148E00081492000814960008B3
:103D6000149A0008149E000814A2000814A6000863
:103D700014AA000814AE000814B2000814B6000813
:103D800038B500259FE06D1CFCF7CCF90F2190FBA6
:103D9000F1F201FB12040F2C11D2DFE804F008113C
:103DA0001A232C353E475059626B747D86004A4871
:103DB00040238022002100900846FDF721F87DE095
:103DC000464840238022002100900846FDF718F85D
:103DD00074E0434840238022002100900846FDF70C
:103DE0000FF86BE03F4840238022002100900846F6
:103DF000FDF706F862E03C48402380220021009055
:103E00000846FCF7FDFF59E0384840238022002196
:103E100000900846FCF7F4FF50E03548402380222C
:103E2000002100900846FCF7EBFF47E031484023B3
:103E30008022002100900846FCF7E2FF3EE02E4879
:103E400040238022002100900846FCF7D9FF35E08E
:103E50002A4840238022002100900846FCF7D0FF2A
:103E60002CE0274840238022002100900846FCF7E0
:103E7000C7FF23E02348402380220021009008460A
:103E8000FCF7BEFF1AE0204840238022002100906A
:103E90000846FCF7B5FF11E01C48402380220021B2
:103EA00000900846FCF7ACFF08E019484023802248
:103EB000002100900846FCF7A3FF00BF00BF0120CF
:103EC000FCF705FD00BF192DFFF65DAFFFF79CFE67
:103ED00030201049087038BD147E00081482000894
:103EE00014860008148A0008148E00081492000832
:103EF00014960008149A0008149E000814A20008E2
:103F000014A6000814AA000814AE000814B2000891
:103F100014B600085B00002010B5FCF743FFFDF766
:103F200007F830200149087010BD00005B00002038
:103F30000000000000000000000000000000000081
:103F4000000000F800000000000000333000000016
:103F500000160E00160E0000000000000000000019
:103F600040C07840C0784000043F04043F0404008F
:103F7000007088FC08300000001820FF211E00009F
:103F8000F008F000E018000000211C031E211E00B4
:103F900000F00888700000001E212324192721103A
:103FA000000000160E0000000000000000000000ED
:103FB000000000E018040200000000071820400084
:103FC00000020418E0000000004020180700000074
:103FD000404080F0804040000202010F01020200D8
:103FE000000000F0000000000101011F01010100BC
:103FF000000000000000000000B0700000000000A1
:1040000000000000000000000001010101010101A9
:104010000000000000000000003030000000000040
:104020000000000080601804006018060100000015
:1040300000E010080810E000000F102020100F0012
:10404000001010F8000000000020203F2020000099
:1040500000700808088870000030282422213000F1
:1040600000300888884830000018202020110E00F9
:104070000000C02010F8000000070424243F2400A2
:1040800000F80888880808000019212020110E0077
:1040900000E0108888180000000F112020110E0089
:1040A00000380808C83808000000003F0000000081
:1040B0000070880808887000001C222121221C0042
:1040C00000E010080810E0000000312222110F006B
:1040D000000000C0C0000000000000303000000000
:1040E000000000C0C0000000000080B070000000B0
:1040F0000000804020100800000102040810200089
:1041000040404040404040000404040404040400D3
:104110000008102040800000002010080402010068
:10412000007048080808F000000000303601000068
:10413000C030C828E810E0000718272423140B001B
:104140000000C038E0000000203C23020227382095
:1041500008F8888888700000203F202020110E0079
:10416000C030080808083800071820202010080070
:1041700008F808080810E000203F202020100F0059
:1041800008F88888E8081000203F20202320180025
:1041900008F88888E8081000203F2000030000008D
:1041A000C03008080838000007182020221E02002E
:1041B00008F808000008F808203F210101213F20ED
:1041C000000808F8080800000020203F2020000018
:1041D00000000808F8080800C08080807F00000008
:1041E00008F888C028180800203F20012638200041
:1041F00008F8080000000000203F202020203000A8
:1042000008F8F800F8F80800203F003F003F2000C1
:1042100008F830C00008F808203F200007183F00C9
:10422000E01008080810E0000F10202020100F00F8
:1042300008F808080808F000203F210101010000EB
:10424000E01008080810E0000F18242438504F0030
:1042500008F8888888887000203F2000030C3020F0
:1042600000708808080838000038202121221C002E
:10427000180808F8080818000000203F2000000077
:1042800008F808000008F808001F202020201F0060
:104290000878880000C83808000007380E010000C0
:1042A000F80800F80008F800033C0700073C03008A
:1042B000081868808068180820302C03032C3020F0
:1042C0000838C800C83808000000203F200000005F
:1042D00010080808C83808002038262120201800B7
:1042E000000000FE020202000000007F404040008B
:1042F000000C30C000000000000000010638C000C3
:1043000000020202FE000000004040407F0000006A
:104310000020100804081020000000000000000029
:10432000000000000000000080808080808080808D
:10433000000204080000000000000000000000006F
:1043400000008080808000000019242222223F206B
:1043500008F8008080000000003F112020110E00AE
:104360000000008080800000000E1120202011003D
:10437000000000808088F800000E112020103F20EF
:104380000000808080800000001F22222222130073
:10439000008080F0888888180020203F20200000BE
:1043A0000000808080808000006B94949493600073
:1043B00008F8008080800000203F210000203F207E
:1043C00000809898000000000020203F202000007E
:1043D000000000809898000000C08080807F00006E
:1043E00008F8000080808000203F24022D3020004B
:1043F000000808F8000000000020203F20200000F6
:104400008080808080808000203F20003F20003F0F
:10441000008080008080000000203F2100203F209D
:104420000000808080800000001F202020201F00CE
:10443000808000808000000080FFA12020110E00FD
:104440000000008080808000000E112020A0FF80EE
:10445000808080008080800020203F21200001009B
:1044600000008080808080000033242424241900F0
:10447000008080E0808000000000001F20200000FD
:104480008080000000808000001F202020103F203E
:10449000808080000080808000010E3008060100CE
:1044A00080800080008080800F300C030C300F0073
:1044B00000808000808080000020312E0E3120009E
:1044C000808080000080808080818E7018060100CE
:1044D00000808080808080000021302C22213000EC
:1044E00000000000807C020200000000003F40400D
:1044F00000000000FF00000000000000FF000000BE
:104500000002027C800000000040403F00000000EC
:104510000080404080000080000000000001010099
:104520000000000000000000002F00000000070055
:10453000070000147F147F1400242A7F2A1200230E
:10454000130864620036495522500000000700003D
:1045500000001C224100000041221C000014083E03
:1045600008140008083E0808000000A060000008C9
:10457000080808080000606000000020100804021D
:10458000003E5149453E0000427F400000426151DB
:104590004946002141454B31001814127F10002775
:1045A00045454539003C4A49493000017109050338
:1045B00000364949493600064949291E0000363669
:1045C00000000000563600000008142241000014CC
:1045D00014141414000041221408000201510906A9
:1045E000003E4955592E007C1211127C007F49492A
:1045F0004936003E41414122007F4141221C007F5B
:1046000049494941007F09090901003E4149497A68
:10461000007F0808087F0000417F410000204041E2
:104620003F01007F08142241007F40404040007F4E
:10463000020C027F007F0408107F003E4141413E92
:10464000007F09090906003E4151215E007F0919DA
:1046500029460046494949310001017F0101003FD7
:104660004040403F001F2040201F003F4038403F57
:1046700000631408146300070870080700615149BB
:10468000454300007F414100000204081020000063
:1046900041417F00000402010204004040404040CC
:1046A000000001020400002054545478007F484464
:1046B000443800384444442000384444487F00389B
:1046C0005454541800087E0901020018A4A4A47CC4
:1046D000007F080404780000447D4000004080848E
:1046E0007D00007F102844000000417F4000007CD6
:1046F00004180478007C08040478003844444438E2
:1047000000FC242424180018242418FC007C08042D
:10471000040800485454542000043F444020003C06
:104720004040207C001C2040201C003C4030403C8D
:10473000004428102844001CA0A0A07C004464541D
:104740004C440000087F41000000007F0000000092
:10475000417F0800000804081008A3AC0000000016
:1047600000000000000000000000000000000058F1
:1047700038000000000000000000000000A1A300BD
:104780000000000000000000000000000000000029
:1047900000001824241800000000000000000000A1
:1047A000C4E300008060F8074020180F08C808081C
:1047B000281800010000FF00100C0340807F00015A
:1047C000061800BAC3001010F01F10F0008082829B
:1047D000E2928A868000402215081661000040801F
:1047E0007F0000000000CAC000202020FE2020FF23
:1047F000202020FF20202020000000007F40404794
:10480000444444474040400000BDE700000000FE33
:10481000929292FE929292FE000000000808048498
:10482000621E010001FE020404080800A3A10000AA
:104830000000FE000000000000000000000000007A
:10484000000033000000000000000000000000BF76
:10485000AA0080828282FE8282828282FE8282829C
:104860008000008040300F0000000000FF000000CA
:104870000000D0C4000000800000E0020418000026
:104880000040800000100C0300003F4040404040CA
:104890007800010E00D6B500008060F80704E4A49B
:1048A000A4BFA4A4E4040000010000FF40407F4A2C
:1048B0004A4A4A4A7F4040003A0000000000000097
:1048C000000000000000000000000000003636007C
:1048D0000000000000000000000000CCE5000080A7
:1048E00060F807101010D0FFD01010100000010069
:1048F00000FF1008040B08FF080B04081000C1A6F5
:1049000000001010101010FF1010101010F0000018
:10491000000080402018060100204080403F000039
:1049200000000000FF010101310909090989710135
:10493000010101FFFF8080808080809681808080DF
:10494000808080FFFF01818181FD8991A1C1FD816E
:10495000818101FFFF808080809F888482819F8089
:10496000808080FF000000000000000000000000C8
:104970000000000000000000000000000000000037
:104980000000000000000000000000000000000027
:104990000000000000000000000000000000000017
:1049A0000000000000000000000000000000000007
:1049B00000000000000000000000000000000000F7
:1049C00000000000000000000000000000000000E7
:1049D00000000000000000000000000000000000D7
:1049E00000000000000000000000000000000000C7
:1049F00000000000000000000000000000000000B7
:104A00000080C0E0F0F8F8FCFCFCFCFCFCF8F0F0E6
:104A1000E080000000000000000000000000000036
:104A20000000000000000000000000000000000086
:104A3000000000000080C0E0F0F8F8FCFCFCFCFC8A
:104A4000F8F8F0F0E0800000000000000000000036
:104A50000000000000000000000000000000000056
:104A60000000000000000000000000000000000046
:104A70000000000000000000000000000000C0F87E
:104A8000FEFFFFFFFFFFFFFFFFFFFFFFFFFFFFFF37
:104A9000FFFFFFFCF08000000000000000000000AD
:104AA0000000000000000000000000000000000006
:104AB0000000C0F8FEFFFFFFFFFFFFFFFFFFFFFF4B
:104AC000FFFFFFFFFFFFFFFCF08000000000000081
:104AD00000000000000000000000000000000000D6
:104AE00000000000000000000000000000000000C6
:104AF00000000000000000000000000000FCFFFFBC
:104B0000FFFFFFFFFFFFFFFFFFFFFFFFFFFFFFFFB5
:104B1000FFFFFFFFFFFF000000000000000000009B
:104B20000000000000000000000000000000000085
:104B300000FCFFFFFFFFFFFFFFFFFFFFFFFFFFFF87
:104B4000FFFFFFFFFFFFFFFFFFFF0000000000006F
:104B50000000000000000000000000000000000055
:104B60000000000000000000000000000000000045
:104B7000000000000000000000000000003FFFFFF8
:104B8000FFFFFFFFFFFFFFFFFFFFFFFFFFFFFFFF35
:104B9000FFFFFFFFFFFF000000000000000000001B
:104BA0000000000000000000000000000000000005
:104BB000003FFFFFFFFFFFFFFFFFFFFFFFFFFFFFC4
:104BC000FFFFFFFFFFFFFFFFFFFF000000000000EF
:104BD00000000000000000000000000000000000D5
:104BE00000000000000000000000000000000000C5
:104BF0000000000000000000000000000000031F93
:104C00007FFFFFFFFFFFFFFFFFFFFFFFFFFFFFFF34
:104C1000FFFFFF3F0F010000000000000000000048
:104C20000000000000000000000000000000000084
:104C30000000031F7FFFFFFFFFFFFFFFFFFFFFFFDE
:104C4000FFFFFFFFFFFFFF3F0F010000000000001C
:104C50000000000000000000000000000000000054
:104C60000000000000000000000000000000000044
:104C70000000000000000000000000000000000034
:104C8000000103070F1F1F3F3F3F3F3F3F1F1F0F05
:104C9000070300000000000000000000000000000A
:104CA0000000000000000000000000000000000004
:104CB00000000000000103070F1F1F3F3F3F3F3F61
:104CC0003F1F1F0F0703000000000000000000004E
:104CD00000000000000000000000000000000000D4
:104CE00000000000000000000000000000000000C4
:104CF00000000000000000000000000000000000B4
:104D000000000000000000000000000000000000A3
:104D10000000000000000000000000000000000093
:104D20000000000000000000000000000000000083
:104D30000000000000000000000000000000000073
:104D40000000000000000000000000000000000063
:104D50000000000000000000000000000000000053
:104D60000000000000000000000000000000000043
:104D70000000000000000000000000000000000033
:104D80000000000000000000000000000000000023
:104D90000000000000000000000000000000000013
:104DA0000000000000000000000000000000000003
:104DB00000000000000000000000000000000000F3
:104DC00000000000000000000000000000000000E3
:104DD00000000000000000000000000000000000D3
:104DE0000000000000000000000000003070F0F043
:104DF000F0E0E0E0C0C08080800000000000000023
:104E000000000000000000000000000000000000A2
:104E10000000000000000000000000000000000092
:104E20000000000000000000000000000000000082
:104E30000000000000000000000000000000000072
:104E400000000000000000000000000000808080E2
:104E5000C0C0E0E0F0F0707878783000000000002A
:104E60000000000000000000000000000000000042
:104E7000000001010303030707070F0E1E1E1C3C61
:104E80003C787878F0F0E0E0E0C0C0C080800000BE
:104E90000000000000000000000000000000000012
:104EA0000000000000000000000000000000000002
:104EB00000000000000000000000000000C0E0E072
:104EC000F0F0F0F8F8F83C1C1E1E0F0F070707075C
:104ED00003010101010000000000000000000000CB
:104EE00000000000000000000000000000000000C2
:104EF0008080C0C0C0C0E0E0E0E0F070707878383A
:104F0000383C3C1C1C1E1F1F0F0F0F0F0707030010
:104F10000000000000000000000000000000000091
:104F20000000000000000000000000000000000081
:104F3000000000000000000000000000000001036D
:104F400003030707070F0F0F0F1E1E1E3C3C3C7884
:104F50007878F0F0F0E0E0E0E0C0800000000000D1
:104F60000000000000000000000000000000808140
:104F7000030303F36101010180E03000000080C001
:104F8000C000000000000000000000000000000061
:104F90000000000000000000103878F8F8F87838B9
:104FA0003838383838383838383838383878F8F8C1
:104FB0007838300000000000000000000000000011
:104FC00000000000000000C0E0000080F0300000A1
:104FD0000080F07000000101E1C10000000000004D
:104FE00000000000000000000000000000070F01AA
:104FF00000103F0F0000007C1F030000603C0F0307
:1050000000000000000000000000000000000000A0
:105010000000000000000000000000000F3FFCF056
:10502000C0C0C0C0C0C0C0C0C0C0C0C0E0FC7F0F16
:105030000000000000000000000000000000000070
:1050400000000000000000070300003F0700000010
:105050003C1F000000103C1F010000000000000089
:105060000000000000000000000000000000000040
:105070000000000000000000000000000000000030
:105080000000000000000000000000000000000020
:105090000000000000000000000000000000000010
:1050A0000000000000000000000000000000000000
:1050B00000000000000000000000000000000000F0
:1050C00000000000000000000000000000000000E0
:1050D00000000000000000000000000000000000D0
:1050E00000000000000000000000000000000000C0
:1050F00000000000000000000000000000000000B0
:10510000000000000000000000000000000000009F
:10511000000000000000000000000000000000008F
:10512000000000000000000000000000000000007F
:10513000000000000000000000000000000000006F
:10514000000000000000000000000000000000005F
:10515000000000000000000000000000000000004F
:10516000000000000000000000000000000000003F
:10517000000000000000000000000000000000002F
:10518000000000000000000000000000000000001F
:10519000000000000000000000000000000000000F
:1051A00000000000000000000000000000000000FF
:1051B00000000000000000000000000000000000EF
:1051C00000000000000000000000000000000000DF
:1051D00000000000000000000000000000000000CF
:1051E0000000000000000000000000C0F838383067
:1051F00060E0C0800000000000000000000000002F
:10520000000000000000000000000000000000009E
:10521000000000000000000000000000000000008E
:10522000000000000000000000000000000000007E
:10523000000000000000000000000000000000006E
:10524000000000000000000000000000000000005E
:10525000000080C0E07030387CF08000000000006A
:1052600000000000000000000000FCFF87000000BC
:1052700000000103070E0C183870E0C08000000029
:10528000000000000000000000000000000000001E
:10529000000000000000000000000000000000000E
:1052A00000000000000000000000000000000000FE
:1052B00000000000000000000000000000000000EE
:1052C00000000000000000000080C0E070381C0EEC
:1052D000060703010000000000FFFF30000000008F
:1052E0000000000000000000000000071F3C70E00C
:1052F000C080800000000000000000010103070ED4
:105300001C387060C0C08000000000000000000079
:10531000000000000000000000000000000000008D
:105320000000000080C0C00000000000000000007D
:1053300000000000000000000000000000000080ED
:10534000C0E06030381C0E070301000000000000C0
:1053500000008080C0C060381C0F03000000000007
:10536000000000000000000000000000000000003D
:105370000001018303070606068C8C0C0C0C181820
:105380001818181818191B1F1E1C181000000000F0
:10539000000000000000000000FEFE0E1C387060DF
:1053A00070180E0703010103061C3830381C0EFF6D
:1053B000FF00000000000000000018181C1E1F1B4A
:1053C000191818181898980C0C0C0C0C8C0606065A
:1053D000070303810100000000000000000000003E
:1053E00000000000000000000000000000000000BD
:1053F00000101E070000C0701C030000000000F039
:105400003E0000000000000000000000000000005E
:10541000000000000000000000FFFF80000000000E
:10542000000000000000000000000000000080FFFD
:10543000FF0000000000000000000000000000006D
:10544000000000180E0300000000380F01000000EB
:1054500000003F030000000000000000000000000A
:10546000000000000000000000000000000000003C
:10547000000000000000000000000000000000002C
:10548000000000000000000000000000000000001C
:1054900000000000000000000000030303030303FA
:1054A00003030303030303030303030303030303CC
:1054B00001000000000000000000000000000000EB
:1054C00000000000000000000000000000000000DC
:1054D00000000000000000000000000000000000CC
:1054E00000000000000000000000000000000000BC
:1054F00000000000000000000000000000000000AC
:10550000000000000000000000000000000000009B
:10551000000000000000000000000000000000008B
:10552000000000000000000000000000000000007B
:10553000000000000000000000000000000000006B
:10554000000000000000000000000000000000005B
:10555000000000000000000000000000000000004B
:10556000000000000000000000000000000000003B
:10557000000000000000000000000000000000002B
:10558000000000000000000000000000000000001B
:10559000000000000000000000000000000000000B
:1055A00000000000000000000000000000000000FB
:1055B00000000000000000000000000000000000EB
:1055C00000000000000000000000000000000000DB
:1055D00000000000000000000000000000000000CB
:1055E00000000000000000000000000000000000BB
:1055F00000000000000000000000000000000000AB
:10560000000000000000000000000000000000009A
:10561000000000000000000000000000000000008A
:10562000000000000000000000000000000000007A
:10563000000000000000000000000000000000006A
:10564000000000000000000000000000000000005A
:10565000000000000000000000000000000000004A
:105660000000000000000000000000C0E0F0F8F8BA
:10567000FC7C3E3E1E1F1F1F1F1E3E3E7CFCF8F89A
:10568000F0E08000000000000000000000000000CA
:10569000000000000000000000000000000000000A
:1056A00000C000000000000080800000000000003A
:1056B000000000000080000000000000000000006A
:1056C00000000000000080E0F0F8F8FC7C3E3E1E88
:1056D0001F1F1E1E1E3E3E7CFCF8F8F0E0800000FE
:1056E000000000000000000000F8FFFFFFFF0701BE
:1056F00000000000000000000000000000000107A2
:10570000FFFFFFFFF00000000000000000000000AD
:105710000060301C0603C0E0380E0700C0E0380E01
:1057200007010000E0701C07030060701C07030005
:105730000060380E070130380E0300000000000042
:1057400000000000F8FFFFFFFF0301000000000061
:105750000000000000000000000107FFFFFFFFF055
:10576000000000000000000000010F3F7FFFFCF878
:10577000F0E0C0C0808080808080C0C0E0F0F8FE93
:10578000FF7F1F0F0000000000000000000000006D
:105790000000000000000000000000000000000009
:1057A00000000000000000000000000000000000F9
:1057B00000000000000000000000000000000000E9
:1057C00000000000010F3F7FFFFCF8F0E0C0C08048
:1057D0008080808080C0C0E0F0F8FEFF7F3F0F0136
:1057E00000000000000000000000000000000103B5
:1057F00003070707070F0F0F0F0F07070703010125
:105800000000000000000000000000000000000098
:105810000000000000007FFC80000000000000008D
:10582000000000E0FFFE800000000000000000001B
:105830000080FE7E0000000000000000000000006C
:105840000000000000000000000103030707070735
:105850000F0F0F0F070707070301010000000000EB
:105860000000000000000000000000000000000038
:105870000000000000000000000000000000000028
:105880000000000000000000000000000000000018
:1058900000000000000000010303060606060606DD
:1058A00006060301010103070606060606060606AC
:1058B00003030100000000000000000000000000E1
:1058C00000000000000000000000000000000000D8
:1058D00000000000000000000000000000000000C8
:1058E00000000000000000000000000000000000B8
:1058F00000000000000000000000000000000000A8
:105900000000000000000000000000000000000097
:105910000000000000000000000000000000000087
:105920000000000000000000000000000000000077
:105930000000000000000000000000000000000067
:105940000000000000000000000000000000000057
:105950000000000000000000000000000000000047
:105960000000000000000000000000000000000037
:105970000000000000000000000000000000000027
:105980000000000000000000000000000000000017
:105990000000000000000000000000000000000007
:1059A00000000000000000000000000000000000F7
:1059B00000000000000000000000000000000000E7
:1059C00000000000000000000000000000000000D7
:1059D00000000000000000000000000000000000C7
:1059E00000000000000000000000000000000000B7
:1059F00000000000000000000000000000000000A7
:105A00000000000000000000000000000000000096
:105A10000000000000000000000000000000000086
:105A20000000000000000000000000000000000076
:105A30000000000000000000000000000000000066
:105A40000000000000000000000000000000000056
:105A50000000000000000000000000000000000046
:105A60000000000000000000000000000000000036
:105A700080E0F0F030000000000000C080F0F0F0A6
:105A800080C00000000000001C1C1C1C1C1C1C1CF6
:105A90001C1C1C1C1C1C1C1C1C1C1CC0E0C08000F2
:105AA00000000000000000000080C0E0C01C1C1CC2
:105AB0001C1C1C1C1C1C1C1C1C1C1C1C1C1C1C1C26
:105AC000000000000000C080F0F0F080C000000086
:105AD00000000030F0F0E080000000000000000056
:105AE000000000000000000000000000000000F8BE
:105AF000FFFF0F0000000000000000113F3F0F3FBC
:105B00003F11010000000000000000000000000044
:105B100000000000000000000000000103070F0F5C
:105B20001E1E3C3C3C3C1E1E0F0F070301000000E4
:105B30000000000000000000000000000000000065
:105B4000000000000001113F3F0F3F3F1100000027
:105B500000000000000FFFFFF80000000000000040
:105B60000000000000000000000000000000001F16
:105B7000FFFFF00000000000000000000000000037
:105B80000000000000000000000000000000000015
:105B90000000000000000000000000000000000005
:105BA00000000000000000000000000000000000F5
:105BB00000000000000000000000000000000000E5
:105BC00000000000000000000000000000000000D5
:105BD0000000000000F0FFFF1F00000000000000B8
:105BE00000000000000000000000000000000000B5
:105BF00001070F0F0C000000000000000000000073
:105C00000000000000000000000000000000000094
:105C10000000000000000000000000000000000084
:105C20000000000000000000000000000000000074
:105C30000000000000000000000000000000000064
:105C40000000000000000000000000000000000054
:105C50000000000C0F0F0701000000000000000012
:105C60000000000000000000000000000000000034
:105C70000000000000000000000000000000000024
:105C80000000000000000000000000000000000014
:105C90000000000000000000000000000000000004
:105CA00000000000000000000000000000000000F4
:105CB00000000000000000000000000000000000E4
:105CC00000000000000000000000000000000000D4
:105CD00000000000000000000000000000000000C4
:105CE00000000000000000000000000000000000B4
:105CF00000000000000000000000000000000000A4
:105D00000000000000000000000000000000000093
:105D10000000000000000000000000000000000083
:105D20000000000000000000000000000000000073
:105D30000000000000000000000000000000000063
:105D40000000000000000000000000000000000053
:105D50000000000000000000000000000000000043
:105D60000000000000000000000000000000000033
:105D70000000000000000000000000000000000023
:105D80000000000000000000000000000000000013
:105D90000000000000000000000000000000000003
:105DA00000000000000000000000000000000000F3
:105DB00000000000000000000000000000000000E3
:105DC00000000000000000000000000000000000D3
:105DD00000000000000000000000000000000000C3
:105DE00000000000000000000000000000000000B3
:105DF00000000000000000000000000000000000A3
:105E00000000000000000000000000000000000092
:105E10000000000000000000000000000000000082
:105E20000000000000000000000000000000000072
:105E30000000000000000000000000000000000062
:105E40000000000000000000000000000000000052
:105E50000000000000000000000000000000000042
:105E60000000000000000000000000808080C0C032
:105E7000C0C0C0C0C0C0C0C0C0C0C0C0E0E0E0E0A2
:105E8000E0E0E0E0E0E0E0E0E0E0F0F0F0F0200072
:105E90000000000000000000000000000000000002
:105EA00000000000000000000000000000000000F2
:105EB00000000000000008181858F8F8F8F8F8F882
:105EC000F8F8F8F8F8F8F8F8F8F8F8F8F8F8F8F852
:105ED000F8F8F0F0F0F0F0F0F0F0F0F0F0F0F000A2
:105EE00000000000000000000080F3F3FBFBFBFB60
:105EF000FBFFFFFFFFFFFFFFFFFFFFFFFFFFFFFFB6
:105F00007D7D7D3D3D3D3D3D3D1D1F1F1F1F1E0EE7
:105F10000E0C0C000000000000000000000000005B
:105F20000000000000000000000000000000000071
:105F300000000000000000003C7EFFFFFFFFFFFFAD
:105F4000FFFFFFFFFFFFFFFFFFFFFFFFFFFFFFFF61
:105F5000FFFDFDF9F9F9F9F9F9F9F1F1F170300006
:105F6000000000000000000000010100113F3F3F61
:105F70001F1F1F1F1F1F1F1F0F0F0F0F0F0F0F0FB1
:105F80000F0F0707070707070707070703030303A1
:105F900003000000000080808080808080808080FE
:105FA00080808080808080808080808080808080F1
:105FB00080800000000000000000000000000000E1
:105FC00000000000000000000000000000000000D1
:105FD00000000000000000000000000000000000C1
:105FE00000000000000000000000000000000000B1
:105FF00000000000000000000000000000000000A1
:106000000000000000000000000000000000000090
:10601000000000000000FFFF010000000000000081
:106020000000000000000000000000000000000070
:1060300081FFFF00000000000000000000000000E1
:106040000000000000000000000000000000000050
:106050000000000000000000000000000000000040
:106060000000000000000000000000000000000030
:106070000000000000000000000000000000000020
:106080000000000000000000000000000000000010
:1060900000000000000001010101010101010101F6
:1060A00001010101010101010101FFFF00000003E5
:1060B000FF010000000000000000000000000000E0
:1060C00000000000000000000000000000000000D0
:1060D00000000000000000000000000000000000C0
:1060E00000000000000000000000000000000000B0
:1060F00000000000000000000000000000000000A0
:10610000000000000000000000000000000000008F
:10611000000000000000000000000000000000007F
:10612000000000000000000000000003030602035E
:10613000010000000000000000000000000000005E
:10614000000000000000000000000000000000004F
:10615000000000000000000000000000000000003F
:10616000000000000000000000000000000000002F
:10617000000000000000000000000000000000001F
:10618000000000000000000000000000000000000F
:1061900000000000000000000000000000000000FF
:1061A00000000000000000000000000000000000EF
:1061B00000000000000000000000000000000000DF
:1061C00000000000000000000000000000000000CF
:1061D00000000000000000000000000000000000BF
:1061E00000000000000000000000000000000000AF
:1061F000000000000000000000000000000000009F
:10620000000000000000000000000000000000008E
:10621000000000000000000000000000000000007E
:10622000000000000000000000000000000000006E
:10623000000000000000000000000000000000005E
:10624000000000000000000000000000000000004E
:10625000000000000000000000000000000000003E
:10626000000000000000000000000000000000002E
:10627000000000000000000000000000000000001E
:1062800000000000008080C0C0808000000080C04E
:10629000C0C080800000000000000000000000007E
:1062A00000000000000000000000000000000000EE
:1062B000000000008080C0C0808000000080C0C05E
:1062C000C08080000000000000000000000000000E
:1062D00000000000000000000000000000000000BE
:1062E00000000000000000000000000000000000AE
:1062F00000E0F0F8FCFEFEFEFEFEFEFCF8F0E00022
:106300000000003CFFFF8301010303070F070303A5
:106310000101C3FFFF7C000000000000000000003E
:10632000000000000000000000000000000000006D
:1063300000007CFFFF8301010303070F0703030134
:1063400001C3FFFF3C00000000E0F0F8FCFEFEFE91
:10635000FEFEFEFCF8F0E00000000000000000007F
:10636000000000000000000000000000000000002D
:1063700000070F1F3F7F7F7F7F7F7F3F1F0F07003B
:10638000000000000103070F1C3870E0E0E07038E7
:106390001C0F070300000000000F3F7FF0E0C080EB
:1063A000800000000000008080C0E0F07F3F0F0010
:1063B0000000000103070F1C3870E0E0E070381C9B
:1063C0000F0703000000000000070F1F3F7F7F7FC3
:1063D0007F7F7F3F1F0F07000000000000000000CC
:1063E00000000000000000000000000000000000AD
:1063F000000000000000000000000000000000009D
:10640000000000000000000000000000000000008C
:106410000000000000000000000000000001030375
:106420000307070707070703030301000000000035
:10643000000000000000000000000000000000005C
:10644000000000000000000000000000000000004C
:10645000000000000000000000000000000000003C
:10646000000000000000000000000000000000002C
:10647000000000000000000000000000000000001C
:10648000000000000000000000000000000000000C
:1064900000000000000000000000000000000000FC
:1064A00000000000000000000000000000000000EC
:1064B00000000000000000000000000000000000DC
:1064C00000000000000000000000000000000000CC
:1064D00000000000000000000000000000000000BC
:1064E00000000000000000000000000000000000AC
:1064F000000000000000000000000000000000009C
:10650000000000000000000000000000000000008B
:10651000000000000000000000000000000000007B
:10652000000000000000000000000000000000006B
:10653000000000000000000000000000000000005B
:10654000000000000000000000000000000000004B
:10655000000000000000000000000000000000003B
:10656000000000000000000000000000000000002B
:10657000000000000000000000000000000000001B
:10658000000000000000000000000000000000000B
:1065900000000000000000000000000000000000FB
:1065A00000000000000000000000000000000000EB
:1065B00000000000000000000000000000000000DB
:1065C00000000000000000000000000000000000CB
:1065D00000000000000000000000000000000000BB
:1065E00000000000000000000000000000000000AB
:1065F000000000000000000000000000000000009B
:10660000000000000000000000000000000000008A
:10661000000000000000000000000000000000007A
:10662000000000000000000000000000000000006A
:10663000000000000000000000000000000000005A
:10664000000000000000000000000000000000004A
:10665000000000000000000000000000000000003A
:10666000000000000000000000000000000000002A
:10667000000000000000000000000000000000001A
:10668000000000000000000000000000000000000A
:1066900000000000000000000000000000000000FA
:1066A00000000000000000000000000000000000EA
:1066B00000000000000000000000000000000000DA
:1066C00000000000000000000000000000000000CA
:1066D00000000000000000000000000000000000BA
:1066E00000000000000000000000000000000000AA
:1066F000000000000080808080800000000000001A
:106700000000000080808000000000000000000009
:106710000000000000000000000000000000000079
:106720000000000000000000000000000000000069
:106730000000000000000000000000000000000059
:1067400000000000000000808080808000000000C9
:1067500000000000000080808000000000000000B9
:106760000000000000000000000000000000000029
:10677000183C3E3F1F0F070707070F1F1F1E3C3C1B
:106780003C3C3E3F1F0F07030000000000000000DC
:106790000000FCFCFC8C8C8C8C8C8C8C8C8C8C8C01
:1067A0008C8C8C8C8C8C8C8C8C8C8C8C8C8C8C8C29
:1067B0008C8C0C0C0CFCFC000000000000000000A5
:1067C0000000183C3E3F1F0F070707070F1F1F1E43
:1067D0003C3C3C3C3E3F1F0F070300000000000014
:1067E00000000000000000000000000000000000A9
:1067F0000000000000000000000000000000000099
:106800000000000000000000000000000000000088
:10681000000001010101010101010101010101016A
:106820000101010101010101010101010101017FDA
:106830007F7F7070707F7F0000000000000000000C
:106840000000000000000000000000000000000048
:106850000000000000000000000000000000000038
:106860000000000000000000000000000000000028
:106870000000000000000000000000000000000018
:106880000000000000000000000000000000000008
:1068900000000000000000000000000000000000F8
:1068A00000000000000000000000000000000000E8
:1068B00000000000000000000000000000000000D8
:1068C00000000000000000000000000000000000C8
:1068D00000000000000000000000000000000000B8
:1068E00000000000000000000000000000000000A8
:1068F0000000000000000000000000000000000098
:106900000000000000000000000000000000000087
:106910000000000000000000000000000000000077
:106920000000000000000000000000000000000067
:106930000000000000000000000000000000000057
:106940000000000000000000000000000000000047
:106950000000000000000000000000000000000037
:106960000000000000000000000000000000000027
:106970000000000000000000000000000000000017
:106980000000000000000000000000000000000007
:1069900000000000000000000000000000000000F7
:1069A00000000000000000000000000000000000E7
:1069B00000000000000000000000000000000000D7
:1069C00000000000000000000000000000000000C7
:1069D00000000000000000000000000000000000B7
:1069E000000000000000000000000080C0C0C08067
:1069F0008000000000000000000000000000000017
:106A00000000000000000000000000000000000086
:106A10000000000000000000000000000000000076
:106A20000000000000000000000000000000000066
:106A30000000000000000000000000000000000056
:106A40000000000000000000000000000000000046
:106A5000000000000000808080C0C0C0C080000036
:106A60000000000000000000000000010303030715
:106A700007070F0F1E1E1C3C3C787878F0F0E0E012
:106A8000E0C0C08080800000000000000000000026
:106A900000000000000000000000000000000000F6
:106AA00000000000000000000000000000000000E6
:106AB00000000000000000000000000000000000D6
:106AC0000000008080C0C0C0E0E0F0F07078383C8A
:106AD0003C1E1E0E0F0F07070303030303010000F4
:106AE00000000000000000000000000000000000A6
:106AF00000000000000000000000808080C0C0C1D5
:106B0000C1C3E3E3E7E7FF7F7F7E7E7C3C3C180068
:106B10000000000000000000000000000000000075
:106B20000000000000000000000000000000000065
:106B30000000000000000000000000000000000E47
:106B40000E1F1F1F3F3F3F39797970F0F0E0E0E002
:106B5000C0C0C0C0808080000000000000000000B5
:106B6000000000000000000000000000000000081D
:106B70001C1C1C1E1E0E0F0F0F0707070303030329
:106B80000101010100000000000000000000000001
:106B90000000000000000000008080808080808075
:106BA00080808080808080808080808080808080E5
:106BB0008080808080000000000000000000000055
:106BC00000000000000000000000000000000101C3
:106BD000010303030387070F0F0F0E0E04000000CD
:106BE00000000000000000000000000080700C00A9
:106BF00000E0FE06000000E07E0F000000C0700C08
:106C00000000000000000000000000000000000084
:106C10000000000000000000000103030FFFFB83E1
:106C2000030303030303030303030303030303FF38
:106C3000FF1F030101000000000000000000000031
:106C400000000000000000004038060000E07F0364
:106C5000000080E03E03000000E07C040000000033
:106C60000000000000000000000000000000000024
:106C70000001000000000703000000000201000006
:106C80000000000000000000000000000000000004
:106C900000000000000000000000000000000307EA
:106CA0000E0C0C0C0C0C0C0C0C0C0C0C0C0E0F0722
:106CB00003000000000000000000000000000000D1
:106CC00000000000000000000000000000010000C3
:106CD00000000703000000000301000000000000A6
:106CE00000000000000000000000000000000000A4
:106CF0000000000000000000000000000000000094
:106D00000000000000000000000000000000000083
:106D10000000000000000000000000000000000073
:106D20000000000000000000000000000000000063
:106D30000000000000000000000000000000000053
:106D40000000000000000000000000000000000043
:106D50000000000000000000000000000000000033
:106D60000000000000000000000000000000000023
:106D70000000000000000000000000000000000013
:106D80000000000000000000000000000000000003
:106D900000000000000000000000000000000000F3
:106DA00000000000000000000000000000000000E3
:106DB00000000000000000000000000000000000D3
:106DC00000000000000000000000000000000000C3
:106DD00000000000000000000000000000000000B3
:106DE00000000000000000000000000000000000A3
:106DF0000000000000000000000000000000000093
:106E00000000000000000000000000000000000082
:106E10000000000000000000000000000000000072
:106E20000000000000000000000000000000000062
:106E30000000000000000000000000000000000052
:106E4000000000000080808080C0C0C0C0C0C08042
:106E50008080000000000000000000000000000032
:106E60000000000000000000000207070F0F0E1EC8
:106E70001E3C3C387878F0F0F0E0E0C0C0C0808084
:106E80000000000000000000000000000000000002
:106E900000000000000000000000000000000000F2
:106EA00000000000000000000000000000000000E2
:106EB0000000000000000080C0C0E0F0F0783C3C22
:106EC0001E0E0F0F070703030383C3E3F3F3FFFF54
:106ED000FFFFFFFFFFFEFEFCF8F0F0E0C000000047
:106EE00000000000000000000000000000000000A2
:106EF00000000000000000000001010103838787FB
:106F0000C7CFCFDEFEFCFCFCFCF878702000000050
:106F10000000000000000000000000000000000071
:106F20000000000000000000000000000000000061
:106F30000000000000000001030301000000000049
:106F40000000000000000060FEFFFFFFFFFFFFFFEA
:106F5000FFFFFFFFFFFFFFFFFFFFFFFFFFFFFC0043
:106F60000000000000000000000000000030787801
:106F700078383C1C1C1E1E0E0E0F0F070707070358
:106F800003030301010100000000000000000000F5
:106F900000000000000000000000000070F0F0F0B1
:106FA000707070707070707070707070F0F0F000D1
:106FB00000000000000000000000000000000000D1
:106FC0000000000000000000070F3F7F7FFFFFFF71
:106FD000FFFFFFFFFFFFFFFFFFFF7F3F1F070100D6
:106FE00000000000000000000000000000000000A1
:106FF0000000000000000000000000000000000091
:107000000000000000000000000000000000000080
:1070100000000000000000000000000000077FFFEB
:10702000F88000000000000000000080FFFF3F002B
:107030000000000000000000000000000000000050
:10704000000000000000000000000000000000013F
:107050000101010101010101000000000000000028
:107060000000000000000000000000000000000020
:107070000000000000000000000000000000000010
:107080000000000000000000000000000000000000
:1070900000000000000000000000000000000007E9
:1070A0001F3F3838383030303838381F1F0F000055
:1070B00000000000000000000000000000000000D0
:1070C00000000000000000000000000000000000C0
:1070D00000000000000000000000000000000000B0
:1070E00000000000000000000000000000000000A0
:1070F0000000000000000000000000000000000090
:10710000000000000000000000000000000000007F
:10711000000000000000000000000000000000006F
:10712000000000000000000000000000000000005F
:10713000000000000000000000000000000000004F
:10714000000000000000000000000000000000003F
:10715000000000000000000000000000000000002F
:10716000000000000000000000000000000000001F
:10717000000000000000000000000000000000000F
:1071800000000000000000000000000000000000FF
:1071900000000000000000000000000000000000EF
:1071A00000000000000000000000000000000000DF
:1071B00000000000000000000000000000000000CF
:1071C00000000000000000000000000000000000BF
:1071D00000000000000000000000000000000000AF
:1071E000000000000000000000000000000000009F
:1071F000000000000000000000000000000000008F
:10720000000000000000000000000000000000007E
:10721000000000000000000000000000000000006E
:10722000000000000000000000000000000000005E
:10723000000000000000000000000000000000004E
:10724000000000000000000000000000000000003E
:10725000000000000000000000000000000000002E
:107260000000000000000000000060707078787876
:1072700078F8F8F8F8F8F8F8F8FCFCFCFCFCFCFCF2
:10728000FCFCFCFCFCFCDEDECEEEEEEEEEEEEEC038
:10729000C0808080000000000000000000000000AE
:1072A00000000000000000000000000000000000DE
:1072B0000000000000000003839BFBFFFFFFFFFFB7
:1072C000FFFFFFFFFFFFFFFFFFFFFFFFFFFFFFFFCE
:1072D000FF7F7F7F7F3F3F3F3F3E3E3E3E3E3E1E25
:1072E000000000000000000000303C3E3EFEFFFFBA
:1072F000FFFFFFFFFFFFFFFFFFFFFFFFFFFFFFFF9E
:10730000FFFFFFEFEFEFE7E7E7E7E7E3E3E3E3E3C1
:1073100061410101000000000000000000000000C9
:10732000000000000000000000000000000000005D
:107330000000000000000000030F1F1F1F1F1F1F81
:107340001F1F1F1F1F3F3F3F3F3F3F3F3F3F3F3FED
:107350003F3F3F3F3F3F3F3F3F3F3E3E3E3C0C00B5
:107360000000000000000000000000000207070706
:1073700007070707030303030303030303030101D1
:1073800001010101010100000000000000000000F7
:10739000000000000000000000000000C0C0C0C0ED
:1073A000C0C0C0C0C0C0C0C0C0C0C0C0C0C0C0009D
:1073B00000000000000000000000000000000000CD
:1073C00000000000000000000000000000000000BD
:1073D00000000000000000000000000000000000AD
:1073E000000000000000000000000000000000009D
:1073F000000000000000000000000000000000008D
:10740000000000000000000000000000000000007C
:10741000000000000000000000000000011FFFFF4E
:10742000E10101010101010101010101FFFFFF0073
:10743000000000000000000000000000000000004C
:10744000000000000000000000000000000000003C
:10745000000000000000000000000000000000002C
:10746000000000000000000000000000000000001C
:10747000000000000000000000000000000000000C
:1074800000000000000000000000000000000000FC
:107490000000000000000000000000000000011FCC
:1074A0007FFEE0E0E0C0C0C0E0E0E07E7F3F0000A3
:1074B00000000000000000000000000000000000CC
:1074C00000000000000000000000000000000000BC
:1074D00000000000000000000000000000000000AC
:1074E000000000000000000000000000000000009C
:1074F000000000000000000000000000000000008C
:10750000000000000000000000000000000000007B
:10751000000000000000000000000000000000006B
:10752000000000000000000000000000000000005B
:10753000000000000000000000000000000000004B
:10754000000000000000000000000000000000003B
:10755000000000000000000000000000000000002B
:10756000000000000000000000000000000000001B
:10757000000000000000000000000000000000000B
:1075800000000000000000000000000000000000FB
:1075900000000000000000000000000000000000EB
:1075A00000000000000000000000000000000000DB
:1075B00000000000000000000000000000000000CB
:1075C00000000000000000000000000000000000BB
:1075D00000000000000000000000000000000000AB
:1075E000000000000000000000000000000000009B
:1075F000000000000000000000000000000000008B
:10760000000000000000000000000000000000007A
:10761000000000000000000000000000000000006A
:10762000000000000000000000000000000000005A
:10763000000000000000000000000000000000004A
:10764000000000000000000000000000000000003A
:10765000000000000000000000000000000000002A
:10766000000000000000000000000000000000001A
:10767000000000000000000000000000000000000A
:10768000000000000000000000C0F0F83C3C7CF866
:10769000E08000000000000000000000000000008A
:1076A00000000000000000000000000000000000DA
:1076B00000000000000080C0F07C3C3C7CF0E080DA
:1076C00000000000000000000000000000000000BA
:1076D00000000000000000000000000000000000AA
:1076E000000000000000000000000000000000009A
:1076F00000606060606060606060606060606060EA
:10770000606000000000000E0F0701000000000193
:1077100003070F0C00000000808000000000000044
:107720000000008080800000000000000000008059
:1077300080000000000E0F07010000000001030F91
:107740000E0C0000000000606060606060606060BF
:107750006060606060606060000000000000000029
:107760000000000000000000000000000000000019
:107770000060606060606060606060606060606069
:107780006060000000000000000000000000000039
:107790000000000000000000073F78E0C0C0C0709B
:1077A0003C1E07030103071E3C70C0C0C0E0783FC9
:1077B00007000000000000000000000000000000C2
:1077C0000000000000000060606060606060606059
:1077D00060606060606060600000000000000000A9
:1077E0000000000000000000000000000000000099
:1077F0000000000000000000000000000000000089
:107800000000000000000000000000000000000078
:107810000000000000000000000000000000000068
:107820000000000000000000000000000000000058
:107830000000000000000000000000000000000048
:107840000000000000000000000000000000000038
:107850000000000000000000000000000000000028
:107860000000000000000000000000000000000018
:107870000000000000000000000000000000000008
:1078800000000000000000000000000000000000F8
:1078900000000000000000000000000000000000E8
:1078A00000000000000000000000000000000000D8
:1078B00000000000000000000000000000000000C8
:1078C00000000000000000000000000000000000B8
:1078D00000000000000000000000000000000000A8
:1078E0000000000000000000000000000000000098
:1078F0000000000000000000000000000000000088
:107900000000000000000000000000000000000077
:107910000000000000000000000000000000000067
:107920000000000000000000000000000000000057
:107930000000000000000000000000000000000047
:107940000000000000000000000000000000000037
:107950000000000000000000000000000000000027
:107960000000000000000000000000000000000017
:107970000000000000000000000000000080C06067
:1079800020301008080C040406020202020202025F
:1079900002020202020202020202020202020202C7
:1079A00002020202010101010101010202020604B8
:1079B000040C0808181030604040C080000000002F
:1079C00000000000000000000000000000000000B7
:1079D00000000000000000000000000000000000A7
:1079E0000000000000000000000000000000000097
:1079F000C070180C0701000000000000000000002B
:107A00000000000000000000000000000000000076
:107A10000000000000000000000000000000000066
:107A20000000000000000000000000000000000056
:107A300000000001010202060C1830E08000000086
:107A40000000000000000000000000000000000036
:107A50000000000000000000000000000000000026
:107A6000000000000000C07C0300000000000000D7
:107A7000000000C0C0C0E0E0E0E0E0C0C0C0C080E6
:107A80008000000000000000000000000000000076
:107A90000000000000000080C0E0E0F0F0F0F8F826
:107AA000F8F8F8F8F8F8F8F8F0F0F0E0E0C0800046
:107AB000000000000103061C70C000000000000070
:107AC00000000000000000000000000000000000B6
:107AD0000000000000000000000000000000FF00A7
:107AE00000000000C0E070787EFFFFFFFFFFFFFF97
:107AF000FF7F7F7F7FFFFFFFFFFFFEFEFCF8F0E0D0
:107B0000E080000000000000000000E0F8FC3F1FE3
:107B10001F3F7FFFFFFFFFFFFFFFFFFFFFFFFFFF95
:107B2000FFFFFFFFFFFFFFFFFFFCF8E0000000008A
:107B30000003FE0000000000000000000000000044
:107B40000000000000000000000000000000000035
:107B5000000000000000FF000000183F3F3F3C1CF9
:107B60000E070703010100000000000000000001F3
:107B70000101010303030F1F3F3F3E3800000000D7
:107B800000000E7F7F1E1C0C0C0606030101010184
:107B90000101010101010101010303070F1F3F3F23
:107BA0007F7F7F7F3F00000000007FC0000000005B
:107BB00000000000000000000000000000000000C5
:107BC0000000000000000000000000000000FF00B6
:107BD00000000000007880000000000000000000AD
:107BE0000000000000000000000000000000000095
:107BF0000000000000000000000000000000000085
:107C00000000000000000000000000000000000074
:107C10000000000000000000C06000000000000044
:107C2000000000FF00000000000000000000000055
:107C30000000000000000000000000000000000044
:107C4000000000000000037EC000000000000106EC
:107C50001860C0800000000000000000000000006C
:107C60000000000000000000000000000000000014
:107C70000000000000000000000000000000000004
:107C800000000000000000000000000080E0380E4E
:107C900003000000000000000000FF0000000000E2
:107CA00000000000000000000000000000000000D4
:107CB00000000000000000000000000000000000C4
:107CC000031EE08000000000000000030E183020BA
:107CD0006040C080000000000000000000000000C4
:107CE0000000000000000000000000000000000094
:107CF000000000000000000000000000000080C044
:107D000060380C030100000000000000000000C00B
:107D1000780F0000000000000000000000000000DC
:107D20000000000000000000000000000000000053
:107D30000000000000000000000000030E1830608A
:107D4000C0800000000000000000000101030202EA
:107D500006040404040808080808080808080808B5
:107D6000080808081810101018080808080808085B
:107D700008040404060301000000000000000000E5
:107D80000080C060301C0601000000000000000000
:107D900000000000000000000000000000000000E3
:107DA00000000000000000000000000000000000D3
:107DB00000000000000000000001010103020202B7
:107DC000040404040808080808080808181010101B
:107DD00010101030202020202020202020202020C3
:107DE0002020202020202020202020202020301093
:107DF0001018080804040602030100000000000037
:107E00000000000000000000000000000000000072
:107E10000000000000000000000000000000000062
:107E20000000000000000000000000000000000052
:107E30000000000000000000000000000000000042
:107E40000000000000000000000000000000000032
:107E50000000000000000000000000000000000022
:107E60000000000000000000000000000000000012
:107E70000000000000000000000000000000000002
:107E800000000000000000000000000000000000F2
:107E900000000000000000000000000000000000E2
:107EA00000000000000000000000000000000000D2
:107EB0000000C0E0E0C0C0C0808080800000000002
:107EC00000000000000000000000000000000000B2
:107ED00000000000000000000000000000000000A2
:107EE0000000000000000000000000000080C0C092
:107EF000E0E0F0F0F8783838000000000000000002
:107F00000000000000000000000000000000000071
:107F10000000000000000000000000000000000061
:107F20000000000000000000000000000000000051
:107F300000000001030307070F0F0F1F1F1F1E3C48
:107F40003EFEFCFCF8F8F0F0E0C00000000000008D
:107F50000000000000000000000000000000000021
:107F600080C0E0E0F0F8F8FCFCFC7E3F3F1F0F070C
:107F700007030101000000000000000000000000F5
:107F800000000000000000000000000000000000F1
:107F900000000000000000000000000000000000E1
:107FA00000000000000000000000000000000000D1
:107FB000000080C0C0E0E0F0F0F8FCFCFCFEFEFF3A
:107FC000FF7F3F3F1F1F0F0F07030000000000004F
:107FD00000000000000000000000000000000000A1
:107FE00003070F1F1F3F3F7FFFFEFCFCF8F8F0F078
:107FF000E0E0C0C080800000000000000000000041
:108000000000000000000000000000000000000070
:108010000000000000000000000000000000000060
:108020000000000000000000000000000000000050
:108030000E1F1F3F1F1F0F0F07070703030101003C
:108040000000000000000000000000000000000030
:108050000000000000000000000000000000000020
:1080600000000000000000000000000101030707FD
:108070000F0F1F3F3F3F3F3E7E7C3000000000005F
:1080800000000000000000000000000000000000F0
:1080900000000000000000000000000000000000E0
:1080A00000000000000000000000000000000000D0
:1080B00000000000000000000000000000000000C0
:1080C00000C0E0F0F0F070100000000000000000C0
:1080D00000000000000000000000000000000000A0
:1080E000001038F8F0F0E080000000000000000010
:1080F0000000000000000000000000000000000080
:10810000000000000000000000000000000000006F
:10811000000000000000000000000000000000005F
:10812000000000000000000000000000000000004F
:10813000000000000000000000000000000000003F
:108140001F7FFFFFFFF0E0C0C0C0C0E0E0F0F0FC28
:10815000FC7E7E7F7EFCFCF8F0E0C0C0C0C0C0C0EA
:10816000E0E0F0F8FFFFFF3F0E000000000000001D
:1081700000000000000000000000000000000000FF
:1081800000000000000000000000000000000000EF
:1081900000000000000000000000000000000000DF
:1081A00000000000000000000000000000000000CF
:1081B00000000000000000000000000000000000BF
:1081C0000000000101030303030303030303010091
:1081D000000000000001010303030707070707076A
:1081E0000707070303010000000000000000000073
:1081F000000000000000000000000000000000007F
:10820000000000000000000000000000000000006E
:10821000000000000000000000000000000000005E
:10822000000000000000000000000000000000004E
:10823000000000000000000000000000808080803E
:1082400080000000000000000000000000000000AE
:10825000000000000000000000000000000000001E
:10826000000000000000008080808080000000008E
:1082700000000000000000000000000000000000FE
:1082800000000000000000000000000000000000EE
:1082900000000000000000000000000000000000DE
:1082A00000000000000000000000000000000000CE
:1082B00000E0F0F8FC0E06070303030303030303C7
:1082C00007078FBFFEFCFCF8600000000000000004
:1082D00000000000000000000000000040E0F8F88E
:1082E000FC1C0E0607070707070707070F1F3FFFBE
:1082F000FEFCFCF8F0C000000000000000000000E0
:10830000000000000000000000000000000000006D
:10831000000000000000000000000000000000005D
:1083200000000000000000000000404040404040CD
:10833000602123070F1E1C1C9C9C1C1C1C1C1C9CCD
:10834000DEFFFF3F1F0703010000000000000000E8
:1083500000000000000000000000000000070F1FE8
:108360003F7F7EFEFCFCFCF8B83C383C3C1C3E3FAA
:108370009F8F8F8783000010302060400000000036
:1083800000000000000000000000000000000000ED
:1083900000000000000000000000000000000000DD
:1083A00000000000000000000000000000000000CD
:1083B000000002020303030F0D0C0E060703020068
:1083C0000101000000000080E0F0F838383838384B
:1083D000383838383C7C7838383838F8F0C0000005
:1083E0000000000000010101010303040606060667
:1083F000060405010101000000000000000000006B
:10840000000000000000000000000000000000006C
:10841000000000000000000000000000000000005C
:10842000000000000000000000000000000000004C
:10843000000000000000000000000000000000003C
:1084400000000080F0F87F7FFF3F03000000000085
:108450000000000000000000000000DFFFFFFFF848
:10846000C00000000000000000000000000000004C
:1084700000000000000000000000000000000000FC
:1084800000000000000000000000000000000000EC
:1084900000000000000000000000000000000000DC
:1084A00000000000000000000000000000000000CC
:1084B00000000000000000000000000000000000BC
:1084C00000C0FEFFFFFFFF7F3F181C1C1C1C0C0C94
:1084D0000C0C18181C1C1C1C1C3C3C3CFFFFFFFF18
:1084E000FFF000000000000000000000000000009D
:1084F000000000000000000000000000000000007C
:10850000000000000000000000000000000000006B
:10851000000000000000000000000000000000005B
:10852000000000000000000000000000000000004B
:10853000000000000000000000000000000000003B
:1085400000FFFFFFFF7F1F00000000000000000091
:10855000000000000000000000000000043FFFFFDA
:10856000FFFF0C0000000000000000000000000001
:1085700000000000000000000000000000000000FB
:1085800000000000000000000000000000000000EB
:1085900000000000000000000000000000000000DB
:1085A00000000000000000000000000000000000CB
:1085B00000000000000000000000000000000000BB
:1085C00000010103030707060E0E0E0E0E1C1C1CF5
:1085D0001C1C1C1C1C1C1E1E1C1E1E0E0E0E070727
:1085E0000301000000000000000000000000000087
:1085F000000000000000000000000000000000007B
:10860000000000000000000000000000000000006A
:10861000000000000000000000000000000000005A
:10862000000000000000000000000000000000004A
:10863000000000000000000000000000000000003A
:10864000000000000000000000000000000000002A
:10865000000000000000000000000000000000001A
:10866000000000000000000000000000000000000A
:1086700000000000000000000000000000000000FA
:1086800000000000000000000000000000000000EA
:1086900000000000000000000000000000000000DA
:1086A00000000000000000000000000000000000CA
:1086B000000000000000008080C0C0C0C0C0C080BA
:1086C00000000000000000000000000000000000AA
:1086D000000000000000000000000000000000009A
:1086E0000000008080C0C0E0F070783838000000E2
:1086F000000000000000000000000000000000007A
:108700000000000000000000000000000000000069
:108710000000000000000000000000000000000059
:108720000000000000000000000000000000000049
:1087300000000070FCFFFFFFFFFFFFFFFFFFFFFFD8
:10874000FFFFFC70000000000000000000000000BF
:1087500000000000000000000040E0F0F0F8FCFC29
:10876000DECEC7878301010000000000000000008A
:1087700000000000000000000000000000000000F9
:1087800000000000000000000000000000000000E9
:1087900000000000000000000000000000000000D9
:1087A00000000000000000000000000000000000C9
:1087B000000000808103070F0F0F1F1F1F0F0F0FF7
:1087C000070701000000000000000000000000009A
:1087D0000000000000000000000000000101010393
:1087E00003030707070F0F0F1E1E3E3E0E06040071
:1087F0000000000000000000000000000000000079
:108800000000000000000000000000000000000068
:108810000000000000000000000000000000000058
:108820000000000000000000000000000000000C3C
:108830000E07070F3F3E38181C0E0E0E1C38302056
:10884000000000000000C0C0E0E0E0E0E060606028
:10885000606060606060606060707060E0E0C000F8
:10886000000000181C0E0E07071E3C38381C0E06B0
:1088700006060606060C1C1C1E0700000000000071
:1088800000000000000000000000000000000000E8
:1088900000000000000000000000000000000000D8
:1088A00000000000000000000000000000000000C8
:1088B00000000000000000000000000000000000B8
:1088C0000000000000001FFFFFE0000000000000AB
:1088D0000000000000000000000000E0FFFF1F009B
:1088E0000000000000000000000000000000000088
:1088F0000000000000000000000000000000000078
:108900000000000000000000000000000000000067
:108910000000000000000000000000000000000057
:108920000000000000000000000000000000000047
:108930000000000000000000000000000000000037
:108940000000000000000001070F1F3C3838707065
:108950007070606070707070381C1F0F0300000032
:108960000000000000000000000000000000000007
:1089700000000000000000000000000000000000F7
:1089800000000000000000000000000000000000E7
:1089900000000000000000000000000000000000D7
:1089A00000000000000000000000000000000000C7
:1089B00000000000000000000000000000000000B7
:1089C00000000000000000000000000000000000A7
:1089D0000000000000000000000000000000000097
:1089E0000000000000000000000000000000000087
:1089F0000000000000000000000000000000000077
:108A00000000000000000000000000000000000066
:108A10000000000000000000000000000000000056
:108A20000000000000000000000000000000000046
:108A30000000000000000000000000000000000036
:108A40000000000000000000000000000000000026
:108A50000000000000000000000000000000000016
:108A60000000000000000000000000000000000006
:108A700000000000000000000000000000000000F6
:108A800000000000000000000000000000000000E6
:108A900000000000000000000000000000000000D6
:108AA00000000000000000000000000000000000C6
:108AB00000000000000000000000000000000000B6
:108AC00000000000000000000000000000000000A6
:108AD0000000000000000000000000000000000096
:108AE0000000000000000000000000000000000086
:108AF0000000000000000000000000000000000076
:108B00000000000000000000000000000000000065
:108B10000000000000000000000000000000000055
:108B2000000000000C1C3E3E3E3E3E3E3F3F3F3FAD
:108B30003F3F3F3F3F3F3F3F3F3F3F3F3F3F3F3F45
:108B40003F3F1E1E0C00000000000000000000005F
:108B50000000000000000000000000000000000015
:108B6000001E1F3F3F3F3F3F3F3F3F3F3F3F3F3F95
:108B70003F3F3F3F3F3F3F3F3F3F3E3E3E3E3E3E0B
:108B80001C000000000000000000000000000000C9
:108B900000000000000000000000000000000000D5
:108BA00000000000000000000000000000000000C5
:108BB00000000000000000000000000000000000B5
:108BC00000000000000000000000000000000000A5
:108BD0000000000000000000000000000000000095
:108BE0000000000000000000000000000000000085
:108BF0000000000000000000000000000000000075
:108C00000000000000000000000000000000000064
:108C10000000000000000000000000000000000054
:108C20000000387C7C7CFCFCFCFCFCFCFCFCFC7C40
:108C30007C7C3830000000000000000000000000D4
:108C40000000000000000000000000000000000024
:108C50000000000000000000000000000000000014
:108C60000000000000000000000000000000000004
:108C7000000000000038787C7CFCFCFCFCFCFCFC68
:108C8000FCFC7C7C7C380000000000000000000040
:108C900000000000000000000000000000000000D4
:108CA00000000000000000000000000000000000C4
:108CB000000000000000C0E0F0F0F0E0E0C0C08084
:108CC0008080808080808080808080C0C0E0F8FECE
:108CD000FFFFFFFFFFFFFEFCE0C0C08080808080C0
:108CE00080808080808080C0C0E0E0F0F0F0E0C054
:108CF0000000000000000000000000000000000074
:108D00000000000000000000000000000000000063
:108D10000000000000000000000000000000000053
:108D20000000000000000000000000000000000043
:108D30000000000000000001030707070F0F0F1FCE
:108D40001F1F1F1F1F1F1F1F1F1F1F0F0F0F070793
:108D500007030101030307070F0F0F1F1F1F1F1F2B
:108D60001F1F1F1F1F1F1F0F0F0F070703030100E8
:108D700000000000000000000000000000000000F3
:108D800000000000000000000000000000000000E3
:108D900000000000000000000000000000000000D3
:108DA00000000000000000000000000000000000C3
:108DB00000000000000000000000000000000000B3
:108DC00000000000000000000000000000000000A3
:108DD0000000000000000000000000000000000093
:108DE0000000000000000000000000000000000083
:108DF0000000000000000000000000000000000073
:108E00000000000000000000000000000000000062
:108E10000000000000000000000000000000000052
:108E20000000000000000000000000000000000042
:108E30000080C0E0F0F0787838383C1C1C1C1C1C0A
:108E40001C1C3C38387870F0F0E0C0C08000000096
:108E500000000000000000000080C0E0E0F0F070C2
:108E600078383838383838383838387070F0E0E0CA
:108E7000C0800000000000000000000000000000B2
:108E800000000000000000000000000000000000E2
:108E900000000000000000000000000000000000D2
:108EA00000000000000000000000000000000000C2
:108EB000070707030000000000000000000000009A
:108EC0000000000000000000000103070302000092
:108ED0000000000000000000030303010100000087
:108EE000000000000000000000000000000001037E
:108EF0000707070600000000000000000000000057
:108F00000000000000000000000000000000000061
:108F10000000000000000000000000000000000051
:108F20000000000000000000207878180038783039
:108F30000000F0F8F838183878F0E0E08000000021
:108F400080C0C0E0F0703030F0F0E0C00000000001
:108F50000000000000000000000000000000000011
:108F60000000000000000000000000F0F0F0000031
:108F7000307070F06000001038F8F0E00000000081
:108F800000000000000000000000000000000000E1
:108F900000000000000000000000000000000000D1
:108FA0000000000000000000000000000000008041
:108FB000C0E0E3FF7F7F78F0E000030F1F1F1E0F6C
:108FC00007C3E1F0F8FCFCFEBF3F7B717070F0F06E
:108FD000F0E0E0E0E0E0E0E0E0E0F070707070F021
:108FE000F0F0F03838381C1C1C1C1C1C1C38F8F025
:108FF000F080000000000000000000000000000001
:109000000000000000000000000000000000000060
:109010000000000000000000000000000000000050
:109020000000000000000000000000000000001F21
:109030003F7F79F0E0C0C080808080808080808029
:109040008080C0C0E0E0FFFFBF8E80F0FCFF3F03E8
:1090500000000000000000FFFFFF00000000000013
:1090600001030F3FFEF8F0C0C0E0E0707C3E1F0F30
:1090700007000000000000000000000000000000E9
:1090800000000000000000000000000000000000E0
:1090900000000000000000000000000000000000D0
:1090A00000000000000000000000000000000000C0
:1090B0000000000000010101010303030303030397
:1090C0000303010101010303030307070707070760
:1090D000060E0E0E0E0E0E0F0F0F0E0C0C0E0E0EB9
:1090E0000E0E070707030301010100000000000046
:1090F0000000000000000000000000000000000070
:10910000000000000000000000000000000000005F
:10911000000000000000000000000000000000004F
:10912000000000000000000000000000000000003F
:10913000000000000000000000000000000000002F
:10914000081878F0E0E07038181C8CE0F0F0B0F00F
:10915000E0C00000C0E0E060E0E0C0800000FCFC97
:10916000FCC0C0C080000000000000000000000043
:1091700000000000000000000000000000000000EF
:1091800000000000000000000000000000000000DF
:1091900000000000000000000000000000000000CF
:1091A00000000000000000000000000000000000BF
:1091B00000000000000000000000000000000000AF
:1091C000000000001F1F000000000307070F0F0D25
:1091D0000C0C0400070F0D0C0F070707060E0F0FEE
:1091E0000301030F0F040000000000000000000056
:1091F000000000000000000000000000000000006F
:10920000000000000000000000000000000000005E
:10921000000000000000000000000000000000004E
:10922000000000000000000000000000000000003E
:10923000000000000000000000000000000000002E
:10924000000000000000000000000000000000001E
:10925000000000000000000000000000000000000E
:1092600000000000000000000000000000000000FE
:1092700000000000000000000000000000000000EE
:1092800000000000000000000000000000000000DE
:1092900000000000000000000000000000000000CE
:1092A000000000000000000000008080C0C0C0C0BE
:1092B000E0E0E0E0C0C0C0C080800000000000002E
:1092C000000000000000000000000000000000009E
:1092D000000000000000000000000000000000008E
:1092E0000000000000000000000000008080C0C0FE
:1092F000C0C0E0E0E0E0E0C0C0C0C080800000008E
:10930000000000000000000000000000000000005D
:10931000000000000000000000000000000000004D
:1093200000000000E0F8FCFE3F0F07070301010109
:10933000010101010101010303070F1F7EFCF8F089
:10934000C00000000000000000000000000000005D
:10935000000000000000000000000000000000000D
:10936000000000000000C0F0FCFE3E1F0F070303DA
:109370000101010101010101010303070F1F3EFE6D
:10938000FCF0C00000000000000000000000000031
:1093900000000000000000000000000000000000CD
:1093A000000000023FFFFFF8E08000000000000026
:1093B0000000000000000000000080C0F0FFFF7F00
:1093C0000F000080E0F0F87E3F1F8FC2E0F8FC7EC7
:1093D0003F0F87C0E0F8FC7E3F0F87C0F0F8FC3EEF
:1093E0001F0F060000003F7FFFFFE080000000002D
:1093F00000000000000000000000000000C0E0FFCE
:10940000FF7F1F00000000000000000000000000BF
:10941000000000000000000000000000000000004C
:10942000000000000000010307070F0E1E1C1C1C9B
:109430003C3C3C3C3C1C1C1E0E0F0F070301000073
:1094400000000707070301000002070703010000EF
:1094500000020707030100000003070703010000E3
:109460000000000000000000010307070F0F1E1E90
:109470001C1C3C3C3C3C3C1C1C1E1E0F0F070703E5
:1094800001000000000000000000000000000000DB
:1094900000000000000000000000000000000000CC
:1094A00000000000000000000000000000000000BC
:1094B0000000000000000000000000000000F8FCB8
:1094C000FEBE0E0000000000000000000000008052
:1094D000E0F8FEFEBE0000000000000000000000FA
:1094E00000000000CEFFFEFE0000000000000000B3
:1094F000000000000000000000000000000000006C
:10950000000000000000000000000000000000005B
:10951000000000000000000000000000000000004B
:10952000000000000000000000000000000000003B
:109530000000000000000000000000000000030721
:109540000F1F1E1C3C3838383C3C1C1E1E0F0F07DA
:10955000030303070F0F1E1C1C3C3C3838383C3CEF
:109560001C1E1E0F0F07030000000000000000007B
:1095700000000000000000000000000000000000EB
:1095800000000000000000000000000000000000DB
:1095900000000000000000000000000000000000CB
:1095A00000000000000000000000000000000000BB
:1095B00000000000000000000000000000000000AB
:1095C000000000000000000000000000000000009B
:1095D000000000000000000000000000000000008B
:1095E000000000000000000000000000000000007B
:1095F000000000000000000000000000000000006B
:10960000000000000000000000000000000000005A
:10961000000000000000000000000000000000004A
:10962000000000000000000000000000000000003A
:10963000000000000000000000000000000000002A
:10964000000000000000000000000000000000001A
:10965000000000000000000000000000000000000A
:109660000000000000000080C0E0F0F8F8380000C2
:1096700000000000000000000000000000000000EA
:1096800000000000000000000000000000000000DA
:1096900000000000000000000000000000000000CA
:1096A00000000000000000000000000000000000BA
:1096B000020207070E0E0E1E1E3E3E7C7C7CF8F05A
:1096C000F0F0E0C08000000000000000000000009A
:1096D000000000000000000000000000808080C04A
:1096E000E0F0F8FCFEFE3F3F1F0F07010100000005
:1096F000000000000000000000000000000000006A
:109700000000000000000000000000000000000059
:109710000000000000000000000000000000000049
:1097200000000000000000808080808080808080B9
:109730008080808000000000000000000000010127
:109740000307070F0F0F06000000000000000000D5
:1097500000000000000000000303070707070707D9
:109760000303010180808080C0C0C0C0C0E0E0E091
:10977000E0E0E0F0F0F0F0F0707020000000000099
:1097800000000000000000000000000000000000D9
:1097900000000000000000000000000000000000C9
:1097A000000000000000000303030707070F0F0F6E
:1097B0000F0F0F0F0F1F1F1F1F3F1F1F1F1F3F3FA9
:1097C0003F3E3E1E1C0C0000000000000000000098
:1097D000000000000000000000000000183E3E3EB7
:1097E0003F3F3F3F3F3F1F1F1F0F0F070707070761
:1097F000030303010101000000000000000000005D
:109800000000000000000000000000000000000058
:109810000000000000000000000000000000000048
:10982000000000000000000000E0F0F8F8FCFEFE80
:10983000FEFEDE0E0E0C0000000000000000000026
:109840000000000000000000000000000000000018
:109850000000000000000000000000000000000008
:1098600000000000000000000000000000000000F8
:1098700000000000000000000000000000000000E8
:1098800000000000000000000000000000000000D8
:1098900000000000000000000000000000000000C8
:1098A000000000000000000000010307070301039F
:1098B000071F3FFFFEF8F0E0C0C08000000000007E
:1098C0000000000000000000000000000000000098
:1098D0000000000000000000000000000000000088
:1098E0000000000000000000000000000000000078
:1098F0000000000000000000000000000000000068
:109900000000000000000000000000000000000057
:109910000000000000000000000000000000000047
:109920000000000000000000000000000000000037
:1099300000000000010103070F0F1F1F3F7E7E7C08
:10994000F8F8F8F8F0F0F0F0E0E0E0E0E0E0E0E077
:10995000E0E0E0E0E0E0E0E0E0E0E0E0E0E0E0E007
:10996000E0F0F0E0F0F0F0F8F8F8F8FCFC7C7C3C7B
:1099700018000000000000000000000000000000CF
:1099800000000000000000000000000000000000D7
:1099900000000000000000000000000000000000C7
:1099A00000000000000000000000000000000000B7
:1099B00000000000000000000000000000000000A7
:1099C000000000000101010101010303030303037F
:1099D000030707070303030303030303030303034B
:1099E0000303030303030101010100000000000061
:1099F0000000000000000000000000000000000067
:109A00000000000000000000000000000000000056
:109A10000000000000000000000000000000000046
:109A2000000000000000000000000000041C1C3CBE
:109A30003870E0F0F0E0E0C0C080000000000000FE
:109A4000000080C0E0E0E0E0000000000000000056
:109A50000000000000000000000080808080000006
:109A60000000000000000000008080C0C0E0E0E0D6
:109A7000F0F0F8F8F87878000000000000808080AE
:109A80008080808080000000000000000000000056
:109A900000000000000000000000000000061EFFA3
:109AA000FEFECE1E1C1E1E1C1E3C3C3C3C383838A4
:109AB000383838393173777F7F7F7F7F7F7E7C7C3A
:109AC000FCFFFFFFFF0F030100000000000000008B
:109AD0000000000000000000000003031F3F3FFEE5
:109AE000FCF8FCFC7C7E7E7F7F7F7F7F3F3F3F3F9B
:109AF0003F3D3D3C1C1C1E1E1E0F0F0F0F0F8FC73E
:109B0000F7FFFFFF01000000000000000000000060
:109B10000000000000000000000000000000000045
:109B20000307071F3E7C78F0E0E0C0C0C080808063
:109B300080808080808080C0C0E0E0F0F8F8FC7E0B
:109B40007F3F1F0F07000000000000000000000022
:109B50000000000000000000000000000000000104
:109B6000033F7FFCF0F0E0E0C0C0C0C080C0C0C0D8
:109B7000C0C0C0C0C0E0E0E0F0F0F8FCFCFC7D3FFD
:109B80001F1F030100000000000000000000000093
:109B900000000000000000000000000000000000C5
:109BA0000000000000000000010103030307050797
:109BB000070707070707070703070303010100005B
:109BC0000000800000000000000000000000000015
:109BD0000000000000000000000000000000000085
:109BE00000808080000101030303070707070707C0
:109BF0000707070703030303010101010000000039
:109C00000000000000000000000000000000000054
:109C10000000000000000000000000000000000044
:109C20000000000000000000000000000000000034
:109C30000000000000000000000000000000000024
:109C400000000FDFFCFC787870707078787C3C3E08
:109C50001F1F0E1E3C3C3C7C78787878FCFCFE3F55
:109C60003F1F030300000000000000000000000090
:109C700000000000000000000000000000000000E4
:109C800000000000000000000000000000000000D4
:109C900000000000000000000000000000000000C4
:109CA00000000000000000000000000000000000B4
:109CB00000000000000000000000000000000000A4
:109CC00080E0FEFFFB00000000000000000000003C
:109CD0000000000000000000000000000FFFFFFE79
:109CE000F8C00000000000000000000000000000BC
:109CF0000000000000000000000000000000000064
:109D00000000000000000000000000000000000053
:109D10000000000000000000000000000000000043
:109D20000000000000000000000000000000000033
:109D3000000000000000000000000000000000D84B
:109D4000FFFFFFFF0F000000000000000000000008
:109D5000000000000000000000000000007FFFFF86
:109D6000FFFFFC00000000000000000000000000F9
:109D700000000000000000000000000000000000E3
:109D800000000000000000000000000000000000D3
:109D900000000000000000000000000000000000C3
:109DA00000000000000000000000000000000000B3
:109DB0000000000000000000000000000000000F94
:109DC0001F1F1F1F1E1F1F1F1F1F1F1F1F1F1F1FA4
:109DD0003F1F1F1F1F1F1F1F1F1F1F1F1E1E1F0F85
:109DE0000F0F07000000000000000000000000004E
:109DF0000000000000000000000000000000000063
:109E00000000000000000000000000000000000052
:109E10000000000000000000000000000000000042
:109E20000000000000000000000000000000000032
:109E30000000000000000000000000000000000022
:109E40000000000000000000000000000000000012
:109E50000000000000000000000000000000000002
:109E600000000000000000000000000000000000F2
:109E700000000000000000000000000000000000E2
:109E800000000000000000000000000000000000D2
:109E900000000000000000000000000000000000C2
:109EA00000000000000000000000000000000000B2
:109EB00080E0E0F07838381C1C1C1C1C3C3878F022
:109EC000E0C0800000000000000000000000000072
:109ED0000000000000000000000000000000000082
:109EE00000000000000080C0E0F0707838381C1CD2
:109EF0001C383878F0F0E0C080000000000000005E
:109F00000000000000000000000000000000000051
:109F10000000000000000000000000000000000041
:109F20000000000000000000000000000000000031
:109F30001F7FFFF9E0C080808080808080C0E0F9D2
:109F4000FF7F1F0000000000000000000000000074
:109F50000000000000000000000000000000000001
:109F60000000000000003F7FFFF1E0C080800000A3
:109F7000008080C0E0F1FF7F3F0000000000000093
:109F800000000000000000000000000000000000D1
:109F900000000000000000000000000000000000C1
:109FA00000000000000000000000000000000000B1
:109FB0000000000101030303030303030303010083
:109FC0000000000000000000000000000000000091
:109FD0000000000000000000000000000000000081
:109FE000000000000000000000010103030303075C
:109FF0000303030301010000000000000000000053
:10A000000000000000000000000000000000000050
:10A010000000000000000000000000000000000040
:10A02000000000000080E0FCFC7C3C387870F0E030
:10A03000E0E0C0C0C0808000000000000000000020
:10A040000000000000000000000000000000000010
:10A050000000000000000000000000000000000000
:10A060000000000000000000000000000000008070
:10A070008080C0C0C0E0E0F0707038383C7CFCFCF0
:10A08000E080000000000000000000000000000070
:10A0900000000000000000000000000000000000C0
:10A0A00000000000070F0F1F1E3C3838787CFEFFB1
:10A0B000FFFFC3C3C3C38387C7FFFFFEFEFE1E1C93
:10A0C0001C1C1C1C3CF8F8F8F8F8F83838383838FC
:10A0D00078F0F0F8F8F8783838383878F8F8F8F890
:10A0E000FCBC1C1C1C1C1CBEFEFEFEFFFFC78783A5
:10A0F00083C3C3EFFFFFFF7E7C7838381C1C1F0F23
:10A100000F07020000000000000000000000000037
:10A11000000000000000000000000000000000003F
:10A12000000000000000000000000000000000012E
:10A130000101010103030303030303070707070EDC
:10A140000E0E0E0E0E0F0F0F0F0F1F1E1C1C1C1CD1
:10A150001E1F1F0F0F0F1F1E1C1C1C1E1F1F0F0F6B
:10A160000F0F0E0E0E0E070707070303030303036B
:10A1700003010101010000000000000000000000D8
:10A1800000000000000000000000000000000000CF
:10A1900000000000000000000000000000000000BF
:10A1A00000000000000000000000000000000000AF
:10A1B000000000000000000000000000000000009F
:10A1C000000000000000000000000000000000008F
:10A1D000000000000000000000000000000000007F
:10A1E000000000000000000000000000000000006F
:10A1F000000000000000000000000000000000005F
:10A20000000000000000000000000000000000004E
:10A21000000000000000000000000000000000003E
:10A22000000000000000000000000000000000002E
:10A230000000008080C0C0C0C0C0C0E0C0C080803E
:10A24000800000000000000000000000000000008E
:10A2500000000000000000000000000000000000FE
:10A26000000000000000000000000080808080806E
:10A2700080800000000000000000000000000000DE
:10A2800000000000000000000000000000000000CE
:10A2900000000000000000000000000000000000BE
:10A2A00000000000000000000000000000383C1E1C
:10A2B0000E0F0F070703030303030307070F0F0F17
:10A2C0000F0200000000000000000000000000007D
:10A2D000000000000000000000000000000000007E
:10A2E0000000000010383E1E1F0F0F0F0F0F0F0F42
:10A2F0000F1F1F3F3E3E3C3C0000000000000000DE
:10A30000000000000000000000000000000000004D
:10A31000000000000000000000000000000000003D
:10A320000080E0E0F0F8783C1C1C1E1E0E0E0E0EA5
:10A330000E070F3F7FFFFF7F7F7F7F3F3E0E1E1E7A
:10A340001C3C3C787870F0E0E0C080000000000029
:10A350000000000000000080C0C0E0E0F0F0707875
:10A360007878383C1C1C1E5E7EFEFEFEFEFEFFFF63
:10A370004E0E1E1E1E1E3C3C3C78F8F8F0E0C0C09D
:10A38000800000000000000000000000000000004D
:10A3900000000000000000000000000000000000BD
:10A3A000071F1F3F3F7D78707070707030383838ED
:10A3B0003838383838387878787070F0F0E0E0E085
:10A3C000E0C0C0E0E0E0E1FFFF7F3F1F00000000D1
:10A3D0000000000038FEFFFFFFFFE3C1C0C0C0C0A7
:10A3E000C0C0C0C0C0C0E0E0E0E0E0E0E0E0E0C04D
:10A3F000C040C0C08080C0C000C0E0FFFFFFFF7F42
:10A400003B00000000000000000000000000000011
:10A41000000000000000000000000000000000003C
:10A42000000000000000000000000000000000002C
:10A43000000000000000000000000000000000001C
:10A440000101010101C0E0C0C0C0C0C0C08080C027
:10A45000C0C0C0E0E0E0E0E08101010101030101D2
:10A4600001010101010000000000000001010101E3
:10A4700003030303030303030303030101000000B9
:10A4800000000000000000000000000000000000CC
:10A4900000000000000000000000000000000000BC
:10A4A00000000000000000000000000000000000AC
:10A4B000000000000000000000000000000000009C
:10A4C00000000000027FFFFFF9F183030303030391
:10A4D000030303E3F3FFFFFF1F0000000000000081
:10A4E000000000000000000000000000000000006C
:10A4F000000000000000000000000000000000005C
:10A50000000000000000000000000000000000004B
:10A51000000000000000000000000000000000003B
:10A52000000000000000000000000000000000002B
:10A53000000000000000000000000000000000001B
:10A54000000000000000030F7FFFFFFCF8C0800048
:10A55000F0FCFFFFFF7F1F03000000000000000071
:10A5600000000000000000000000000000000000EB
:10A5700000000000000000000000000000000000DB
:10A5800000000000000000000000000000000000CB
:10A5900000000000000000000000000000000000BB
:10A5A00000000000000000000000000000000000AB
:10A5B000000000000000000000000000000000009B
:10A5C0000000000000000000000103070F1F3F3FD4
:10A5D0003F0F070300000000000000000000000023
:10A5E000000000000000000000000000000000006B
:10A5F000000000000000000000000000000000005B
:10A60000000000000000000000000000000000004A
:10A61000000000000000000000000000000000003A
:10A62000000000000000000000000000000000002A
:10A63000000000000000000000000000000000001A
:10A64000000000000000000000000000000000000A
:10A6500000000000000000000000000000000000FA
:10A6600000000000000000000000000000000000EA
:10A6700000000000000000000000000000000000DA
:10A6800000000000000000000000000000000000CA
:10A6900000000000000000000000000000000000BA
:10A6A000000000000000000000000080C0C0C0A04A
:10A6B000E0E0E0F0F87878787C7C3C3E3E3E3F1F5E
:10A6C0001F1F0F0E06000000000000000000000029
:10A6D000000000000000000000000000000000007A
:10A6E000020F0F1F1F3F3E3E7E7C7C7CF8F8F8F87F
:10A6F000F0F0F0E0E0C0C0C080000000000000000A
:10A700000000000000000000000000000000000049
:10A710000000000000000000000000000000000039
:10A720000000000000000000000000000101010125
:10A730000100000000000000000000000000000018
:10A740000000000000000000000000000000000009
:10A7500000000000000000000000000000000000F9
:10A7600000000000000000000000000000000101E7
:10A7700001010101010101010100000000000000D0
:10A7800000000000000000000000000000000000C9
:10A7900000000000000000000000000000000000B9
:10A7A00000000000000000000000000020E0E0E0E9
:10A7B000E0C0C08080800000000080808080C0C039
:10A7C000C0C0E0E0C0C000000000000000000000C9
:10A7D00000000000000000000000000000000080F9
:10A7E0008080000000000000000000000000000069
:10A7F000808080C0C0C0C0000000000000000000D9
:10A800000000000000000000000000000000000048
:10A810000000000000000000000000000000000038
:10A820000000000000000000000000000001010323
:10A8300007070F0F1F0F1F1F1F1F1F1F1F0F0F0FB8
:10A840000F070707030100000000000000000000E0
:10A8500000000000000000000000000000000007F1
:10A86000070F0F1F3E3E3E3C3C3C3E3E3E3E3F3FC0
:10A870003F1F1F0F0F070300000000000000000033
:10A8800000000000000000000000000000000000C8
:10A8900000000000000000000000000000000000B8
:10A8A00000000000000000000000000000000000A8
:10A8B0000000000000000000000000000000000098
:10A8C0000000000000000000000000000000008008
:10A8D00080808080800000000000000000000000F8
:10A8E0000000000000000000000000000000000068
:10A8F0000000000000000000000000000000000058
:10A900000000000000000000000000000000000047
:10A910000000000000000000000000000000000037
:10A920000000000000000000000000000000000027
:10A930000000000000000000000000000000000017
:10A94000000070787C3C3E1E1E1E1F0F0F0F0F0F65
:10A950000F0F0F0F0F0F0F0F0F1F1F1F3E3E3E3E1B
:10A960007CFCF8787000000000000000000000008F
:10A9700000000000000000000000000000000000D7
:10A9800000000000000000000000000000000000C7
:10A9900000000000000000000000000000000000B7
:10A9A00000000000000000000000000000000000A7
:10A9B0000000000000000000000000000000000097
:10A9C0000000000000000000000000000000000087
:10A9D0000000000000000000000000000000000077
:10A9E0000000000000000000000000000000000067
:10A9F0000000000000000000000000000000000057
:10AA00000000000000000000000000000000000046
:10AA10000000000000000000000000000000000036
:10AA20000000000000000000000000000000000026
:10AA30000000000000000000000000000000000016
:10AA40008080800000000000000000000000000086
:10AA500000000000000000000000000000000000F6
:10AA60000080C08000000000000000000000000026
:10AA700000000000000000000000000000000000D6
:10AA800000000000000000000000000000000000C6
:10AA900000000000000000000000000000000000B6
:10AAA00000000000000000000000000000000000A6
:10AAB0000000606060607030303038181C0C0E0789
:10AAC000030301000000000000000000000000007F
:10AAD0000000000000000000000000000000000076
:10AAE00000000307070E0C0C18181818303030300F
:10AAF00030302000000000000000000000000000D6
:10AB00000000000000000000000000000000000045
:10AB10000000000000000000000000000000000035
:10AB20000000000000000000000000000000000025
:10AB300000006060F0F0F0F0F0F0707070F0F0F095
:10AB4000F0F0F0F0600000000000000000000000E5
:10AB500000000000000000000000000000000000F5
:10AB600060F0F0F0F0F0F0F0F07070F0F0F0F070F5
:10AB700070707070200000000000000000000000F5
:10AB800000000000000000000000000000000000C5
:10AB900000000000000000000000000000000000B5
:10ABA00000000000000000000000000000000000A5
:10ABB0000000008080C0E1637F3E1C000080C0C0B8
:10ABC000C3FF7E3C00000000000000000000000009
:10ABD0000000000000000000000000000000000075
:10ABE0000000E0F8FC1F070000003E7F73E1C0801A
:10ABF00080000000000000000000000000000000D5
:10AC00000000000000000000000000000000000044
:10AC10000000000000000000000000000000000034
:10AC20000000000000000000000000000000000024
:10AC3000001E1F3F337160E0C0C0800E0F1F193827
:10AC40003060E0C0800000000000000080E0F0F014
:10AC50007838381818383878F0F0E08000000000B4
:10AC60000000010307068C9CF8F0600000000081E2
:10AC70008387CEFC78000000000000000000000088
:10AC800000000000000000000000000000000000C4
:10AC900000000000000000000000000000000000B4
:10ACA00000000000000000000000000000000000A4
:10ACB00000000000000080C0C1E37F3F0C000000E6
:10ACC0008080C0E1777F3E00000000001F1F1F0F43
:10ACD0000000000000000000183F3F1F00000000BF
:10ACE0000000003CFEFFC3010000000C1E1F3B7370
:10ACF00061E1C080000000000000000000000000D2
:10AD00000000000000000000000000000000000043
:10AD10000000000000000000000000000000000033
:10AD20000000000000000000000000000000000023
:10AD3000000000003E7F7F4101000000001E7FFFF9
:10AD4000C3810000000000000000000000000000BF
:10AD500000000000000000000000000000000000F3
:10AD60000000000000010307CEFCF8000000000016
:10AD7000000081C3FF7E18000000000000000000FA
:10AD800000000000000000000000000000000000C3
:10AD900000000000000000000000000000000000B3
:10ADA00000000000000000000000000000000000A3
:10ADB0000000000000000000000000000000000093
:10ADC0000101010000000000000000000000000080
:10ADD0000000000000000000000000000000000073
:10ADE000000000000000000303010000000000005C
:10ADF0000001010100000000000000000000000050
:10AE00000000000000000000000000000000000042
:10AE10000000000000000000000000000000000032
:10AE20000000000000000000000000000000000022
:10AE3000000000000060E0C0C080000000000000D2
:10AE40000000000000000000000000000000000002
:10AE500000000000000000000000000000000000F2
:10AE600000000080C0E0E060000000000000000082
:10AE7000000000000000008080C0C0C08080000092
:10AE800000000000000000000000000000000000C2
:10AE900000000000000000000000000000000000B2
:10AEA00000181C1C18383838383830307070707002
:10AEB000E0E0E0E0C0C0C0C183870F1E3C78F0E056
:10AEC0000000000000000000000000000000000082
:10AED00000000000000000000000000080E0F078AA
:10AEE0003C1E0F078381C0C0C0E0E0E0F0707878BE
:10AEF000383C1C1E1E0F0F0707030303010100004F
:10AF00000000000000000000000000000000000041
:10AF10000000000000000000000000000000000031
:10AF20000000000000000000000000000000000021
:10AF3000FFFFFFFFFFFFFFFFF7030000000000001F
:10AF40000000000000000000000000000000000001
:10AF500000000000000000000000000001010000EF
:10AF6000000207FFFFFFFFFFFFFFFFFF00000000E1
:10AF700000000000000000000000000000000000D1
:10AF800000000000000000000000000000000000C1
:10AF900000000000000000000000000000000000B1
:10AFA0000018383C3C3C3C3C1C1C1C1C1C1C1C1C45
:10AFB0001F1F9F9F9F9F9F9F9C8C08000000000069
:10AFC0000000000000000000000000000000000081
:10AFD0000000000000000000000000000000000071
:10AFE000303070707B7F3F3F3F3F3F3938383838D3
:10AFF000383838383838181C1C1C1C1C1C1C1C18F1
:10B000000000000000000000000000000000000040
:10B010000000000000000000000000000000000030
:10B020000000000000000000000000000002030318
:10B0300003030303010101010101000000000000FE
:10B040000000000000000000000000000000000000
:10B0500000000000000000000000000000000000F0
:10B0600000000000000003030303030303030303C2
:10B0700003030303020200000000000000000000C0
:10B0800000000000000000000000000000000000C0
:10B0900000000000000000000000000000000000B0
:10B0A00000000000000000000000000000000000A0
:10B0B0000000000000000000000000000000000090
:10B0C0000000000000000000000000000000000080
:10B0D0000000000000000000000000000000808070
:10B0E000C0E0F0F0783818183838F0E0C080000080
:10B0F0000000000000000000000000000000000050
:10B10000000000000000000000000000000000003F
:10B11000000000000000000000000000000000002F
:10B12000000000000000000000000000000000001F
:10B13000000000000000000000000000000000000F
:10B1400000000000000000000000000000000000FF
:10B1500000000060F8F8BC1C0E0E0607070303038E
:10B1600001010000008080C0E0F0783F1F0F000068
:10B1700000000000000000000000000000000000CF
:10B1800000000000000000000000000000000000BF
:10B1900000000000000000000000000000000000AF
:10B1A000000000000000000000000000000000009F
:10B1B000000000000000000000000000000000008F
:10B1C000000000000000000000000000000000007F
:10B1D0000000000001030707060E0C0C0C0C0C0EFF
:10B1E0000606070303030101000000000000000041
:10B1F000000000000000000000000000000000004F
:10B20000000000000000000000000000000000003E
:10B21000000000000000000000000000000000002E
:10B22000000000000000000000000000000000001E
:10B23000000000000000000000000000000000000E
:10B2400000000000000000000000000000000000FE
:10B2500000000000000000000000000000000000EE
:10B2600000000000000000000000000000000000DE
:10B270000000000000000080E0F0F0F0F0E0E0C02E
:10B28000800000000000000000000000000000003E
:10B2900000000000000000000000000000000000AE
:10B2A000000000000000000000000000000000009E
:10B2B000000000000000000000000000000000008E
:10B2C000000000000000000000000000000000007E
:10B2D000000000000000000000000000000000006E
:10B2E00000008080C0C0C0E0E0C0E040000000007E
:10B2F0000000000000E0FEFFFFFFFF0101070FFF5D
:10B30000FFFFFCF0C0000000000000000000000093
:10B31000000000000000000000000000000000002D
:10B32000000000000000000000000000000000001D
:10B33000030707070F0F0F0E0E1E1E1E1E1E3E3E9A
:10B340003E3C3C38180000000000000000000000F7
:10B350000000000000000000000000000C0E0E8F36
:10B360008F8F8F8787838383818080800000000098
:10B3700000000000000F1F3F737F7FF8F0F0F8FF20
:10B380007F7F3F1F0F000000000000000000000052
:10B3900000000000000000000000000000000000AD
:10B3A000000000000000000000000000000080E03D
:10B3B000F0F0F8F87C3C3C1C1C1E1E0E9E9E9E9ECF
:10B3C0001C3C3C3C7CFCF8F8F0F0E0E000000000A5
:10B3D0000000000000C0F0F8FCFC1E1E0F8FC7E349
:10B3E000F3F373733B3B3B33F3F3F3E3E3C70F1F19
:10B3F0003FFEFEFCF8F0000000000000000000002E
:10B40000000000000000000000000000000000003C
:10B41000000000000000000000000000000000002C
:10B4200000000000000000000000000000041F3FBA
:10B430007FFFFFF9F0E0CCCEC7C7C7C7C7EFFFFF5C
:10B44000FFFF7E1C000081FFFFFFFFFFFFFE3800B3
:10B450000000000000010F1F3F3F7CF8F0E0E3E731
:10B46000E7EFEEE6EEECE4F0F0FF7F7F3F1F8EC0EB
:10B47000F0FFFFEFFF1F00000000000000000000D1
:10B4800000000000000000000000000000000000BC
:10B4900000000000000000000000000000000000AC
:10B4A0000000000000000000000000000000060E88
:10B4B0000E1C1C3D3D797B7B7B7B7B7B7F7D7D7D7B
:10B4C0007D7C3C3E3E3F1F1F1F0F0F070100000009
:10B4D000000000000000000000002020303030702C
:10B4E00071303839393938383C3C3C1C1E1F1F0F2D
:10B4F000070703010000000000000000000000003A
:10B50000000000000000000000000000000000003B
:10B51000000000000000000000000000000000002B
:10B52000000000000000000000000000000000001B
:10B53000000000000000000000000000000000000B
:10B5400000000000000080808080808080808080FB
:10B5500000000000000000000080808080C0C0C0AB
:10B56000C08080800000000000000000000000009B
:10B5700000000000000000000000000000000000CB
:10B5800000000000000000000000000000000000BB
:10B5900000000000000000000000000000000000AB
:10B5A000000000000000000000000000000000009B
:10B5B000000000000000000000000000000000008B
:10B5C0000000081C1E0F07070703030303070F0FE4
:10B5D0000F1B0E0E1E0E0E0F0707070703030303B4
:10B5E0000307070F0F0F0E0E0E0E060000000000DF
:10B5F000000000000000000000000000000000004B
:10B60000000000000000000000000000000000003A
:10B61000000000000000000000000000000000002A
:10B62000000000000000000000000000000000001A
:10B63000000000000000000000000000000000000A
:10B6400000000000000000000000000000000000FA
:10B6500000000000000000000000000000000000EA
:10B6600000000000000000000000000000000000DA
:10B6700000000000000018FEFFFFFFFFFFFFFE00BC
:10B6800000000000000000000000000000000000BA
:10B6900000000000000000000000000000000000AA
:10B6A000000000000000000000000000000000009A
:10B6B000000000000000000000000000000000008A
:10B6C000000000000000000000000000000000007A
:10B6D000000000000000000000000000000000006A
:10B6E000000000000000000000000000000000005A
:10B6F000000000000000000B3F7F7F7F7F3F0300C2
:10B700000000000000000000000000000000000039
:10B710000000000000000000000000000000000029
:10B720000000000000000000000000000000000019
:10B730000000000000000000000000000000000009
:10B74000000000000000000000000000000080C0B9
:10B75000E0F0F8FC7C3C1E0E0E06060E0E0E1E1EC1
:10B760003E7CFCFCF8F0F0E0C000000000000000AF
:10B770000000000000000040F8FCFCFCFC7C7800AD
:10B7800000000000000000000000000000000000B9
:10B7900000000000000000000000000000000000A9
:10B7A0000000000000000000000000000000000099
:10B7B00000000000000000808080C0C0C080808049
:10B7C00000000000000000000000000000DCFFFF9F
:10B7D000FFFF8301000000000000000000000000E7
:10B7E00000000001010FFFFFFFFFFEF0C00000009E
:10B7F0000000000000000000000000000000000049
:10B800000000000000000000000000000000000038
:10B810000000000000000000000000000000000028
:10B820000000000000000000000000000000000018
:10B83000E0F8FCFEFE1F070303030103030F7FFF75
:10B84000FFFEF8F0000000000000000000076FFF9E
:10B85000FFFFFFF08000000000000000000000007B
:10B8600000000080C0F0FFFFFFFFFF7F1F0000000F
:10B8700000000000000000000000000000000000C8
:10B8800000000000000000000000000000000000B8
:10B8900000000000000000000000000000000000A8
:10B8A0000000000000000000000000000000000197
:10B8B000071F3F3F7F7EF8F0F0F0F0F0787F7E3F8B
:10B8C0001F0F07030000000000000000000000013F
:10B8D00003070F0F1F1F3E3E3C3C3C38383C1C3ECC
:10B8E0003E3F1F1F0F0F070703010000000000006D
:10B8F0000000000000000000000000000000000048
:10B900000000000000000000000000000000000037
:10B910000000000000000000000000000000000027
:10B920000000000000000000000000000000000017
:10B930000000000000000000000000000000000007
:10B940000000000000808080808080808080808077
:10B95000C0C0C0C0C0C0C0C08080808080808080E7
:10B9600000000000000000000000000000000000D7
:10B9700000000000000000000000000000000000C7
:10B9800000000000000000000000000000000000B7
:10B9900000000000000000000000000000000000A7
:10B9A0000000000000000000000000000000000097
:10B9B00000000000000000000000000000001C3E2D
:10B9C0003E3E3F3F77737373717361617171717143
:10B9D000707171717071717171797B3B3F3F3F1F65
:10B9E0001F0F040000000000000000000000000025
:10B9F0000000000000000000000000000000000047
:10BA00000000000000000000000000000000000036
:10BA10000000000000000000000000000000000026
:10BA20000000000000000000000000000000000016
:10BA30000000000000000000000000000000000006
:10BA400000000000000000000000000000000000F6
:10BA500000000000000000000000000000000000E6
:10BA600000000000000000000000000000000000D6
:10BA700000000000000000000000000000000000C6
:10BA800000000000000000000000000000000000B6
:10BA900000000000000000000000000000000000A6
:10BAA0000000000000000000000000000000000096
:10BAB000000000000000008080C0C0C0C0C0C08086
:10BAC0000000000000000000000000000000000076
:10BAD0000000000000000000000000000000000066
:10BAE00000008080C0C0E0E0E0E0E0E0C0808000D6
:10BAF0000000000000000000000000000000000046
:10BB00000000000000000000000000000000000035
:10BB10000000000000000000000000000000000025
:10BB20000000000000000000000000000000000015
:10BB300000000070FCFFFFFFFFFFFFFFFFFFFFFFA4
:10BB4000FFFFFC700000000000000000000000008B
:10BB500000000000000000000000000000000000E5
:10BB600038FEFFFFFFFFFFFFFFFFFFFFFFFFFFFEAE
:10BB7000380000000000000000000000000000008D
:10BB800000000000000000000000000000000000B5
:10BB900000000000000000000000000000000000A5
:10BBA0000000000000000000000000000000000095
:10BBB000000000808103070F0F0F1F1F1F0F0F0FC3
:10BBC0000707010000000000000000000000000066
:10BBD0000000000000000000000000000000000065
:10BBE000000001030707070F0F0F070707030300F4
:10BBF0000000000000000000000000000000000045
:10BC00000000000000000000000000000000000034
:10BC10000000000000000000000000000000000024
:10BC20000000000000000000000000000000000C08
:10BC30000E07070F3F3E38181C0E0E0E1C38302022
:10BC4000000000000000C0C0E0E0E0E0E0606060F4
:10BC5000606060606060606060707060E0E0C000C4
:10BC6000000000181C0E0E07071E3C38381C0E067C
:10BC700006060606060C1C1C1E070000000000003D
:10BC800000000000000000000000000000000000B4
:10BC900000000000000000000000000000000000A4
:10BCA0000000000000000000000000000000000094
:10BCB0000000000000000000000000000000000084
:10BCC0000000000000001FFFFFE000000000000077
:10BCD0000000000000000000000000E0FFFF1F0067
:10BCE0000000000000000000000000000000000054
:10BCF0000000000000000000000000000000000044
:10BD00000000000000000000000000000000000033
:10BD10000000000000000000000000000000000023
:10BD20000000000000000000000000000000000013
:10BD30000000000000000000000000000000000003
:10BD40000000000000000001070F1F3C3838707031
:10BD50007070606070707070381C1F0F03000000FE
:10BD600000000000000000000000000000000000D3
:10BD700000000000000000000000000000000000C3
:10BD800000000000000000000000000000000000B3
:10BD900000000000000000000000000000000000A3
:10BDA0000000000000000000000000000000000093
:10BDB0000000000000000000000000000000000083
:10BDC0000000000000000000000000000000000073
:10BDD0000000000000000000000000000000000063
:10BDE0000000000000000000000000000000000053
:10BDF0000000000000000000000000000000000043
:10BE00000000000000000000000000000000000032
:10BE10000000000000000000000000000000000022
:10BE20000000000000000000000000000000000012
:10BE30000000000000000000000000000000000002
:10BE400000000000000000000000000000000000F2
:10BE500000000000000000000000000000000000E2
:10BE600000000000000000000000000000000000D2
:10BE700000000000000000000000000000000000C2
:10BE800000000000000000000000000000000000B2
:10BE900000000000000000000000000000000000A2
:10BEA0000000000000000000000000000000000092
:10BEB000000000000000008080C0C0C0C0C0C08082
:10BEC0000000000000000000000000000000000072
:10BED0000000000000000000000000000000000062
:10BEE0000000000000000000000000000000000052
:10BEF0000000000000000000000000000000000042
:10BF00000000000000000000000000000000000031
:10BF10000000000000000000000000000000000021
:10BF20000000000000000000000000000000000011
:10BF300000000070FCFFFFFFFFFFFFFFFFFFFFFFA0
:10BF4000FFFFFC7000000000000000000000000087
:10BF500000000000000000000000000000000000E1
:10BF6000000070F8FCFEFEFEFFFFFFFFFFFFFFFF7B
:10BF7000FEFEFEFCF8700000000000000000000063
:10BF800000000000000000000000000000000000B1
:10BF900000000000000000000000000000000000A1
:10BFA0000000000000000000000000000000000091
:10BFB000000000808103070F0F0F1F1F1F0F0F0FBF
:10BFC0000707010000000000000000000000000062
:10BFD0000000000000000000000000000000000061
:10BFE000000000010103030307070707070707070E
:10BFF0000303030101000000000000000000000036
:10C000000000000000000000000000000000000030
:10C010000000000000000000000000000000000020
:10C020000000000000000000000000000000000C04
:10C030000E07070F3F3E38181C0E0E0E1C3830201E
:10C04000000000000000C0C0E0E0E0E0E0606060F0
:10C05000606060606060606060707060E0E0C000C0
:10C06000000000181C0E0E07071E3C38381C0E0678
:10C0700006060606060C1C1C1E0700000000000039
:10C0800000000000000000000000000000000000B0
:10C0900000000000000000000000000000000000A0
:10C0A0000000000000000000000000000000000090
:10C0B0000000000000000000000000000000000080
:10C0C0000000000000001FFFFFE000000000000073
:10C0D0000000000000000000000000E0FFFF1F0063
:10C0E0000000000000000000000000000000000050
:10C0F0000000000000000000000000000000000040
:10C10000000000000000000000000000000000002F
:10C11000000000000000000000000000000000001F
:10C12000000000000000000000000000000000000F
:10C1300000000000000000000000000000000000FF
:10C140000000000000000001070F1F3C383870702D
:10C150007070606070707070381C1F0F03000000FA
:10C1600000000000000000000000000000000000CF
:10C1700000000000000000000000000000000000BF
:10C1800000000000000000000000000000000000AF
:10C19000000000000000000000000000000000009F
:10C1A000000000000000000000000000000000008F
:10C1B000000000000000000000000000000000007F
:10C1C000000000000000000000000000000000006F
:10C1D000000000000000000000000000000000005F
:10C1E000000000000000000000000000000000004F
:10C1F000000000000000000000000000000000003F
:10C20000000000000000000000000000000000002E
:10C21000000000000000000000000000000000001E
:10C22000000000000000000000000000000000000E
:10C2300000000000000000000000000000000000FE
:10C2400000000000000000000000000000000000EE
:10C2500000000000000000000000000000000000DE
:10C2600000000000000000000000000000000000CE
:10C2700000000000000000000000000000000000BE
:10C2800000000000000000000000000000000000AE
:10C29000000000000000000000000000000000009E
:10C2A000000000000000000000000000000000008E
:10C2B000000000000000008080C0C0C0C0C0C0807E
:10C2C000000000000000000000000000000000006E
:10C2D000000000000000000000000000000000005E
:10C2E000000000000000000000000000000000004E
:10C2F000000000000000000000000000000000003E
:10C30000000000000000000000000000000000002D
:10C31000000000000000000000000000000000001D
:10C32000000000000000000000000000000000000D
:10C3300000000070FCFFFFFFFFFFFFFFFFFFFFFF9C
:10C34000FFFFFC7000000000000000000000000083
:10C3500000000000000000000000000000000000DD
:10C360000000000030F8FCFCFCFEFEFEFEFEFEFEBF
:10C37000FEFEFEFEFCFCFCF8700000000000000069
:10C3800000000000000000000000000000000000AD
:10C39000000000000000000000000000000000009D
:10C3A000000000000000000000000000000000008D
:10C3B000000000808103070F0F0F1F1F1F0F0F0FBB
:10C3C000070701000000000000000000000000005E
:10C3D000000000000000000000000000000000005D
:10C3E0000000000000000000010101010101010145
:10C3F0000101010101000000000000000000000038
:10C40000000000000000000000000000000000002C
:10C41000000000000000000000000000000000001C
:10C420000000000000000000000000000000000C00
:10C430000E07070F3F3E38181C0E0E0E1C3830201A
:10C44000000000000000C0C0E0E0E0E0E0606060EC
:10C45000606060606060606060707060E0E0C000BC
:10C46000000000181C0E0E07071E3C38381C0E0674
:10C4700006060606060C1C1C1E0700000000000035
:10C4800000000000000000000000000000000000AC
:10C49000000000000000000000000000000000009C
:10C4A000000000000000000000000000000000008C
:10C4B000000000000000000000000000000000007C
:10C4C0000000000000001FFFFFE00000000000006F
:10C4D0000000000000000000000000E0FFFF1F005F
:10C4E000000000000000000000000000000000004C
:10C4F000000000000000000000000000000000003C
:10C50000000000000000000000000000000000002B
:10C51000000000000000000000000000000000001B
:10C52000000000000000000000000000000000000B
:10C5300000000000000000000000000000000000FB
:10C540000000000000000001070F1F3C3838707029
:10C550007070606070707070381C1F0F03000000F6
:10C5600000000000000000000000000000000000CB
:10C5700000000000000000000000000000000000BB
:10C5800000000000000000000000000000000000AB
:10C59000000000000000000000000000000000009B
:10C5A000000000000000000000000000000000008B
:10C5B000000000000000000000000000000000007B
:10C5C000000000000000000000000000000000006B
:10C5D000000000000000000000000000000000005B
:10C5E000000000000000000000000000000000004B
:10C5F000000000000000000000000000000000003B
:10C60000000000000000000000000000000000002A
:10C61000000000000000000000000000000000001A
:10C62000000000000000000000000000000000000A
:10C6300000000000000000000000000000000000FA
:10C6400000000000000000000000000000000000EA
:10C6500000000000000000000000000000000000DA
:10C6600000000000000000000000000000000000CA
:10C6700000000000000000000000000000000000BA
:10C6800000000000000000000000000000000000AA
:10C69000000000000000000000000000000000009A
:10C6A000000000000000000000000000000000008A
:10C6B000000000000000008080C0C0C0C0C0C0807A
:10C6C000000000000000000000000000000000006A
:10C6D000000000000000000000000000000000005A
:10C6E000000000000000000000000000000000004A
:10C6F000000000000000000000000000000000003A
:10C700000000000000000000000000000000000029
:10C710000000000000000000000000000000000019
:10C720000000000000000000000000000000000009
:10C7300000000070FCFFFFFFFFFFFFFFFFFFFFFF98
:10C74000FFFFFC700000000000000000000000007F
:10C7500000000000000000000000000000000000D9
:10C7600000E0F0F8F8F8F8F8F8F8F8F8F8F8F8F861
:10C77000F8F8F8F8F0600000000000000000000089
:10C7800000000000000000000000000000000000A9
:10C790000000000000000000000000000000000099
:10C7A0000000000000000000000000000000000089
:10C7B000000000808103070F0F0F1F1F1F0F0F0FB7
:10C7C000070701000000000000000000000000005A
:10C7D0000000000000000000000000000000000059
:10C7E000000000010101010101010101010101013C
:10C7F0000101010100000000000000000000000035
:10C800000000000000000000000000000000000028
:10C810000000000000000000000000000000000018
:10C820000000000000000000000000000000000CFC
:10C830000E07070F3F3E38181C0E0E0E1C38302016
:10C84000000000000000C0C0E0E0E0E0E0606060E8
:10C85000606060606060606060707060E0E0C000B8
:10C86000000000181C0E0E07071E3C38381C0E0670
:10C8700006060606060C1C1C1E0700000000000031
:10C8800000000000000000000000000000000000A8
:10C890000000000000000000000000000000000098
:10C8A0000000000000000000000000000000000088
:10C8B0000000000000000000000000000000000078
:10C8C0000000000000001FFFFFE00000000000006B
:10C8D0000000000000000000000000E0FFFF1F005B
:10C8E0000000000000000000000000000000000048
:10C8F0000000000000000000000000000000000038
:10C900000000000000000000000000000000000027
:10C910000000000000000000000000000000000017
:10C920000000000000000000000000000000000007
:10C9300000000000000000000000000000000000F7
:10C940000000000000000001070F1F3C3838707025
:10C950007070606070707070381C1F0F03000000F2
:10C9600000000000000000000000000000000000C7
:10C9700000000000000000000000000000000000B7
:10C9800000000000000000000000000000000000A7
:10C990000000000000000000000000000000000097
:10C9A0000000000000000000000000000000000087
:10C9B0000000000000000000000000000000000077
:10C9C0000000000000000000000000000000000067
:10C9D0000000000000000000000000000000000057
:10C9E0000000000000000000000000000000000047
:10C9F0000000000000000000000000000000000037
:10CA00000000000000000000000000000000000026
:10CA10000000000000000000000000000000000016
:10CA20000000000000000000000000000000000006
:10CA300000000000000000000000000000000000F6
:10CA400000000000000000000000000000000000E6
:10CA500000000000000000000000000000000000D6
:10CA600000000000000000000000000000000000C6
:10CA700000000000000000000000000000000000B6
:10CA800000000000000000000000000000000000A6
:10CA90000000000000000000000000000000000096
:10CAA0000000000000000000000000000000000086
:10CAB000000000000000008080C0C0C0C0C0C08076
:10CAC0000000000000000000000000000000000066
:10CAD0000000000000000000000000000000000056
:10CAE00000000000000000000000000000000080C6
:10CAF0008080C0C0C0800000000000000000000076
:10CB00000000000000000000000000000000000025
:10CB10000000000000000000000000000000000015
:10CB20000000000000000000000000000000000005
:10CB300000000070FCFFFFFFFFFFFFFFFFFFFFFF94
:10CB4000FFFFFC700000000000000000000000007B
:10CB500000000000000000000000000000000000D5
:10CB600000E0F0F0F8F8F8FCFCFEFEFEFFFFFFFF2F
:10CB7000EFEFEFE7E7C30000000000000000000057
:10CB800000000000000000000000000000000000A5
:10CB90000000000000000000000000000000000095
:10CBA0000000000000000000000000000000000085
:10CBB000000000808103070F0F0F1F1F1F0F0F0FB3
:10CBC0000707010000000000000000000000000056
:10CBD0000000000000000000000000000000000055
:10CBE000000001010101010101010103030303032D
:10CBF0000303030303010000000000000000000025
:10CC00000000000000000000000000000000000024
:10CC10000000000000000000000000000000000014
:10CC20000000000000000000000000000000000CF8
:10CC30000E07070F3F3E38181C0E0E0E1C38302012
:10CC4000000000000000C0C0E0E0E0E0E0606060E4
:10CC5000606060606060606060707060E0E0C000B4
:10CC6000000000181C0E0E07071E3C38381C0E066C
:10CC700006060606060C1C1C1E070000000000002D
:10CC800000000000000000000000000000000000A4
:10CC90000000000000000000000000000000000094
:10CCA0000000000000000000000000000000000084
:10CCB0000000000000000000000000000000000074
:10CCC0000000000000001FFFFFE000000000000067
:10CCD0000000000000000000000000E0FFFF1F0057
:10CCE0000000000000000000000000000000000044
:10CCF0000000000000000000000000000000000034
:10CD00000000000000000000000000000000000023
:10CD10000000000000000000000000000000000013
:10CD20000000000000000000000000000000000003
:10CD300000000000000000000000000000000000F3
:10CD40000000000000000001070F1F3C3838707021
:10CD50007070606070707070381C1F0F03000000EE
:10CD600000000000000000000000000000000000C3
:10CD700000000000000000000000000000000000B3
:10CD800000000000000000000000000000000000A3
:10CD90000000000000000000000000000000000093
:10CDA0000000000000000000000000000000000083
:10CDB0000000000000000000000000000000000073
:10CDC0000000000000000000000000000000000063
:10CDD0000000000000000000000000000000000053
:10CDE0000000000000000000000000000000000043
:10CDF0000000000000000000000000000000000033
:10CE00000000000000000000000000000000000022
:10CE10000000000000000000000000000000000012
:10CE20000000000000000000000000000000000002
:10CE300000000000000000000000000000000000F2
:10CE400000000000000000000000000000000000E2
:10CE500000000000000000000000000000000000D2
:10CE600000000000000000000000000000000000C2
:10CE700000000000000000000000000000000000B2
:10CE800000000000000000000000000000000000A2
:10CE90000000000000000000000000000000000092
:10CEA0000000000000000000000000000000000082
:10CEB000000000000000008080C0C0C0C0C0C08072
:10CEC0000000000000000000000000000000000062
:10CED0000000000000000000000000000000000052
:10CEE0000080C0C0E0E0F0F0F8F8FC7C7C38000086
:10CEF0000000000000000000000000000000000032
:10CF00000000000000000000000000000000000021
:10CF10000000000000000000000000000000000011
:10CF20000000000000000000000000000000000001
:10CF300000000070FCFFFFFFFFFFFFFFFFFFFFFF90
:10CF4000FFFFFC7000000000000000000000000077
:10CF5000000000000000000070F8F8FCFCFEFEFF7E
:10CF6000DFDFCF8F87870301010000000000000092
:10CF700000000000000000000000000000000000B1
:10CF800000000000000000000000000000000000A1
:10CF90000000000000000000000000000000000091
:10CFA0000000000000000000000000000000000081
:10CFB000000000808103070F0F0F1F1F1F0F0F0FAF
:10CFC0000707010000000000000000000000000052
:10CFD000000000000000000000000101030303073F
:10CFE00007070F0F0F1F1F1F3F3E3E7E7E7E3C0038
:10CFF0000000000000000000000000000000000031
:10D000000000000000000000000000000000000020
:10D010000000000000000000000000000000000010
:10D020000000000000000000000000000000000CF4
:10D030000E07070F3F3E38181C0E0E0E1C3830200E
:10D04000000000000000C0C0E0E0E0E0E0606060E0
:10D05000606060606060606060707060E0E0C000B0
:10D06000000000181C0E0E07071E3C38381C0E0668
:10D0700006060606060C1C1C1E0700000000000029
:10D0800000000000000000000000000000000000A0
:10D090000000000000000000000000000000000090
:10D0A0000000000000000000000000000000000080
:10D0B0000000000000000000000000000000000070
:10D0C0000000000000001FFFFFE000000000000063
:10D0D0000000000000000000000000E0FFFF1F0053
:10D0E0000000000000000000000000000000000040
:10D0F0000000000000000000000000000000000030
:10D10000000000000000000000000000000000001F
:10D11000000000000000000000000000000000000F
:10D1200000000000000000000000000000000000FF
:10D1300000000000000000000000000000000000EF
:10D140000000000000000001070F1F3C383870701D
:10D150007070606070707070381C1F0F03000000EA
:10D1600000000000000000000000000000000000BF
:10D1700000000000000000000000000000000000AF
:10D18000000000000000000000000000000000009F
:10D19000000000000000000000000000000000008F
:10D1A000000000000000000000000000000000007F
:10D1B000000000000000000000000000000000006F
:10D1C000000000000000000000000000000000005F
:10D1D000000000000000000000000000000000004F
:10D1E000000000000000000000000000000000003F
:10D1F000000000000000000000000000000000002F
:10D20000000000000000000000000000000000001E
:10D21000000000000000000000000000000000000E
:10D2200000000000000000000000000000000000FE
:10D2300000000000000000000000000000000000EE
:10D2400000000000000000000000000000000000DE
:10D2500000000000000000000000000000000000CE
:10D2600000000000000000000000000000000000BE
:10D2700000000000000000000000000000000000AE
:10D28000000000000000000000000000000000009E
:10D29000000000000000000000000000000000008E
:10D2A000000000000000000000000000000000007E
:10D2B000000000000000008080C0C0C0C0C0C0806E
:10D2C000000000000000000000000000000000005E
:10D2D000000000000000000000000000000000004E
:10D2E00000000000000000000000000000000080BE
:10D2F0008080C0C0C080000000000000000000006E
:10D30000000000000000000000000000000000001D
:10D31000000000000000000000000000000000000D
:10D3200000000000000000000000000000000000FD
:10D3300000000070FCFFFFFFFFFFFFFFFFFFFFFF8C
:10D34000FFFFFC7000000000000000000000000073
:10D3500000000000000000000000000000000000CD
:10D3600000E0F0F0F8F8F8FCFCFEFEFEFFFFFFFF27
:10D37000EFEFEFE7E7C3000000000000000000004F
:10D38000000000000000000000000000000000009D
:10D39000000000000000000000000000000000008D
:10D3A000000000000000000000000000000000007D
:10D3B000000000808103070F0F0F1F1F1F0F0F0FAB
:10D3C000070701000000000000000000000000004E
:10D3D000000000000000000000000000000000004D
:10D3E0000000010101010101010101030303030325
:10D3F000030303030301000000000000000000001D
:10D40000000000000000000000000000000000001C
:10D41000000000000000000000000000000000000C
:10D420000000000000000000000000000000000CF0
:10D430000E07070F3F3E38181C0E0E0E1C3830200A
:10D44000000000000000C0C0E0E0E0E0E0606060DC
:10D45000606060606060606060707060E0E0C000AC
:10D46000000000181C0E0E07071E3C38381C0E0664
:10D4700006060606060C1C1C1E0700000000000025
:10D48000000000000000000000000000000000009C
:10D49000000000000000000000000000000000008C
:10D4A000000000000000000000000000000000007C
:10D4B000000000000000000000000000000000006C
:10D4C0000000000000001FFFFFE00000000000005F
:10D4D0000000000000000000000000E0FFFF1F004F
:10D4E000000000000000000000000000000000003C
:10D4F000000000000000000000000000000000002C
:10D50000000000000000000000000000000000001B
:10D51000000000000000000000000000000000000B
:10D5200000000000000000000000000000000000FB
:10D5300000000000000000000000000000000000EB
:10D540000000000000000001070F1F3C3838707019
:10D550007070606070707070381C1F0F03000000E6
:10D5600000000000000000000000000000000000BB
:10D5700000000000000000000000000000000000AB
:10D58000000000000000000000000000000000009B
:10D59000000000000000000000000000000000008B
:10D5A000000000000000000000000000000000007B
:10D5B000000000000000000000000000000000006B
:10D5C000000000000000000000000000000000005B
:10D5D000000000000000000000000000000000004B
:10D5E000000000000000000000000000000000003B
:10D5F000000000000000000000000000000000002B
:10D60000000000000000000000000000000000001A
:10D61000000000000000000000000000000000000A
:10D6200000000000000000000000000000000000FA
:10D6300000000000000000000000000000000000EA
:10D6400000000000000000000000000000000000DA
:10D6500000000000000000000000000000000000CA
:10D6600000000000000000000000000000000000BA
:10D6700000000000000000000000000000000000AA
:10D68000000000000000000000000000000000009A
:10D69000000000000000000000000000000000008A
:10D6A000000000000000000000000000000000007A
:10D6B000000000000000008080C0C0C0C0C0C0806A
:10D6C000000000000000000000000000000000005A
:10D6D000000000000000000000000000000000004A
:10D6E000000000000000000000000000000000003A
:10D6F000000000000000000000000000000000002A
:10D700000000000000000000000000000000000019
:10D710000000000000000000000000000000000009
:10D7200000000000000000000000000000000000F9
:10D7300000000070FCFFFFFFFFFFFFFFFFFFFFFF88
:10D74000FFFFFC700000000000000000000000006F
:10D7500000000000000000000000000000000000C9
:10D7600000E0F0F8F8F8F8F8F8F8F8F8F8F8F8F851
:10D77000F8F8F8F8F0600000000000000000000079
:10D780000000000000000000000000000000000099
:10D790000000000000000000000000000000000089
:10D7A0000000000000000000000000000000000079
:10D7B000000000808103070F0F0F1F1F1F0F0F0FA7
:10D7C000070701000000000000000000000000004A
:10D7D0000000000000000000000000000000000049
:10D7E000000000010101010101010101010101012C
:10D7F0000101010100000000000000000000000025
:10D800000000000000000000000000000000000018
:10D810000000000000000000000000000000000008
:10D820000000000000000000000000000000000CEC
:10D830000E07070F3F3E38181C0E0E0E1C38302006
:10D84000000000000000C0C0E0E0E0E0E0606060D8
:10D85000606060606060606060707060E0E0C000A8
:10D86000000000181C0E0E07071E3C38381C0E0660
:10D8700006060606060C1C1C1E0700000000000021
:10D880000000000000000000000000000000000098
:10D890000000000000000000000000000000000088
:10D8A0000000000000000000000000000000000078
:10D8B0000000000000000000000000000000000068
:10D8C0000000000000001FFFFFE00000000000005B
:10D8D0000000000000000000000000E0FFFF1F004B
:10D8E0000000000000000000000000000000000038
:10D8F0000000000000000000000000000000000028
:10D900000000000000000000000000000000000017
:10D910000000000000000000000000000000000007
:10D9200000000000000000000000000000000000F7
:10D9300000000000000000000000000000000000E7
:10D940000000000000000001070F1F3C3838707015
:10D950007070606070707070381C1F0F03000000E2
:10D9600000000000000000000000000000000000B7
:10D9700000000000000000000000000000000000A7
:10D980000000000000000000000000000000000097
:10D990000000000000000000000000000000000087
:10D9A0000000000000000000000000000000000077
:10D9B0000000000000000000000000000000000067
:10D9C0000000000000000000000000000000000057
:10D9D0000000000000000000000000000000000047
:10D9E0000000000000000000000000000000000037
:10D9F0000000000000000000000000000000000027
:10DA00000000000000000000000000000000000016
:10DA10000000000000000000000000000000000006
:10DA200000000000000000000000000000000000F6
:10DA300000000000000000000000000000000000E6
:10DA400000000000000000000000000000000000D6
:10DA500000000000000000000000000000000000C6
:10DA600000000000000000000000000000000000B6
:10DA700000000000000000000000000000000000A6
:10DA80000000000000000000000000000000000096
:10DA90000000000000000000000000000000000086
:10DAA0000000000000000000000000000000000076
:10DAB000000000000000008080C0C0C0C0C0C08066
:10DAC0000000000000000000000000000000000056
:10DAD0000000000000000000000000000000000046
:10DAE0000000000000000000000000000000000036
:10DAF0000000000000000000000000000000000026
:10DB00000000000000000000000000000000000015
:10DB10000000000000000000000000000000000005
:10DB200000000000000000000000000000000000F5
:10DB300000000070FCFFFFFFFFFFFFFFFFFFFFFF84
:10DB4000FFFFFC700000000000000000000000006B
:10DB500000000000000000000000000000000000C5
:10DB60000000000030F8FCFCFCFEFEFEFEFEFEFEA7
:10DB7000FEFEFEFEFCFCFCF8700000000000000051
:10DB80000000000000000000000000000000000095
:10DB90000000000000000000000000000000000085
:10DBA0000000000000000000000000000000000075
:10DBB000000000808103070F0F0F1F1F1F0F0F0FA3
:10DBC0000707010000000000000000000000000046
:10DBD0000000000000000000000000000000000045
:10DBE000000000000000000001010101010101012D
:10DBF0000101010101000000000000000000000020
:10DC00000000000000000000000000000000000014
:10DC10000000000000000000000000000000000004
:10DC20000000000000000000000000000000000CE8
:10DC30000E07070F3F3E38181C0E0E0E1C38302002
:10DC4000000000000000C0C0E0E0E0E0E0606060D4
:10DC5000606060606060606060707060E0E0C000A4
:10DC6000000000181C0E0E07071E3C38381C0E065C
:10DC700006060606060C1C1C1E070000000000001D
:10DC80000000000000000000000000000000000094
:10DC90000000000000000000000000000000000084
:10DCA0000000000000000000000000000000000074
:10DCB0000000000000000000000000000000000064
:10DCC0000000000000001FFFFFE000000000000057
:10DCD0000000000000000000000000E0FFFF1F0047
:10DCE0000000000000000000000000000000000034
:10DCF0000000000000000000000000000000000024
:10DD00000000000000000000000000000000000013
:10DD10000000000000000000000000000000000003
:10DD200000000000000000000000000000000000F3
:10DD300000000000000000000000000000000000E3
:10DD40000000000000000001070F1F3C3838707011
:10DD50007070606070707070381C1F0F03000000DE
:10DD600000000000000000000000000000000000B3
:10DD700000000000000000000000000000000000A3
:10DD80000000000000000000000000000000000093
:10DD90000000000000000000000000000000000083
:10DDA0000000000000000000000000000000000073
:10DDB0000000000000000000000000000000000063
:10DDC0000000000000000000000000000000000053
:10DDD0000000000000000000000000000000000043
:10DDE0000000000000000000000000000000000033
:10DDF0000000000000000000000000000000000023
:10DE00000000000000000000000000000000000012
:10DE10000000000000000000000000000000000002
:10DE200000000000000000000000000000000000F2
:10DE300000000000000000000000000000000000E2
:10DE400000000000000000000000000000000000D2
:10DE500000000000000000000000000000000000C2
:10DE600000000000000000000000000000000000B2
:10DE700000000000000000000000000000000000A2
:10DE80000000000000000000000000000000000092
:10DE90000000000000000000000000000000000082
:10DEA0000000000000000000000000000000000072
:10DEB000000000000000008080C0C0C0C0C0C08062
:10DEC0000000000000000000000000000000000052
:10DED0000000000000000000000000000000000042
:10DEE0000000000000000000000000000000000032
:10DEF0000000000000000000000000000000000022
:10DF00000000000000000000000000000000000011
:10DF10000000000000000000000000000000000001
:10DF200000000000000000000000000000000000F1
:10DF300000000070FCFFFFFFFFFFFFFFFFFFFFFF80
:10DF4000FFFFFC7000000000000000000000000067
:10DF500000000000000000000000000000000000C1
:10DF6000000070F8FCFEFEFEFFFFFFFFFFFFFFFF5B
:10DF7000FEFEFEFCF8700000000000000000000043
:10DF80000000000000000000000000000000000091
:10DF90000000000000000000000000000000000081
:10DFA0000000000000000000000000000000000071
:10DFB000000000808103070F0F0F1F1F1F0F0F0F9F
:10DFC0000707010000000000000000000000000042
:10DFD0000000000000000000000000000000000041
:10DFE00000000001010303030707070707070707EE
:10DFF0000303030101000000000000000000000016
:10E000000000000000000000000000000000000010
:10E010000000000000000000000000000000000000
:10E020000000000000000000000000000000000CE4
:10E030000E07070F3F3E38181C0E0E0E1C383020FE
:10E04000000000000000C0C0E0E0E0E0E0606060D0
:10E05000606060606060606060707060E0E0C000A0
:10E06000000000181C0E0E07071E3C38381C0E0658
:10E0700006060606060C1C1C1E0700000000000019
:10E080000000000000000000000000000000000090
:10E090000000000000000000000000000000000080
:10E0A0000000000000000000000000000000000070
:10E0B0000000000000000000000000000000000060
:10E0C0000000000000001FFFFFE000000000000053
:10E0D0000000000000000000000000E0FFFF1F0043
:10E0E0000000000000000000000000000000000030
:10E0F0000000000000000000000000000000000020
:10E10000000000000000000000000000000000000F
:10E1100000000000000000000000000000000000FF
:10E1200000000000000000000000000000000000EF
:10E1300000000000000000000000000000000000DF
:10E140000000000000000001070F1F3C383870700D
:10E150007070606070707070381C1F0F03000000DA
:10E1600000000000000000000000000000000000AF
:10E17000000000000000000000000000000000009F
:10E18000000000000000000000000000000000008F
:10E19000000000000000000000000000000000007F
:10E1A000000000000000000000000000000000006F
:10E1B000000000000000000000000000000000005F
:10E1C000000000000000000000000000000000004F
:10E1D000000000000000000000000000000000003F
:10E1E000000000000000000000000000000000002F
:10E1F000000000000000000000000000000000001F
:10E20000000000000000000000000000000000000E
:10E2100000000000000000000000000000000000FE
:10E2200000000000000000000000000000000000EE
:10E2300000000000000000000000000000000000DE
:10E2400000000000000000000000000000000000CE
:10E2500000000000000000000000000000000000BE
:10E2600000000000000000000000000000000000AE
:10E27000000000000000000000000000000000009E
:10E28000000000000000000000000000000000008E
:10E29000000000000000000000000000000000007E
:10E2A000000000000000000000000000000000006E
:10E2B000000000000000008080C0C0C0C0C0C0805E
:10E2C000000000000000000000000000000000004E
:10E2D000000000000000000000000000000000003E
:10E2E00000008080C0C0E0E0E0E0E0E0C0808000AE
:10E2F000000000000000000000000000000000001E
:10E30000000000000000000000000000000000000D
:10E3100000000000000000000000000000000000FD
:10E3200000000000000000000000000000000000ED
:10E3300000000070FCFFFFFFFFFFFFFFFFFFFFFF7C
:10E34000FFFFFC7000000000000000000000000063
:10E3500000000000000000000000000000000000BD
:10E3600038FEFFFFFFFFFFFFFFFFFFFFFFFFFFFE86
:10E370003800000000000000000000000000000065
:10E38000000000000000000000000000000000008D
:10E39000000000000000000000000000000000007D
:10E3A000000000000000000000000000000000006D
:10E3B000000000808103070F0F0F1F1F1F0F0F0F9B
:10E3C000070701000000000000000000000000003E
:10E3D000000000000000000000000000000000003D
:10E3E000000001030707070F0F0F070707030300CC
:10E3F000000000000000000000000000000000001D
:10E40000000000000000000000000000000000000C
:10E4100000000000000000000000000000000000FC
:10E420000000000000000000000000000000000CE0
:10E430000E07070F3F3E38181C0E0E0E1C383020FA
:10E44000000000000000C0C0E0E0E0E0E0606060CC
:10E45000606060606060606060707060E0E0C0009C
:10E46000000000181C0E0E07071E3C38381C0E0654
:10E4700006060606060C1C1C1E0700000000000015
:10E48000000000000000000000000000000000008C
:10E49000000000000000000000000000000000007C
:10E4A000000000000000000000000000000000006C
:10E4B000000000000000000000000000000000005C
:10E4C0000000000000001FFFFFE00000000000004F
:10E4D0000000000000000000000000E0FFFF1F003F
:10E4E000000000000000000000000000000000002C
:10E4F000000000000000000000000000000000001C
:10E50000000000000000000000000000000000000B
:10E5100000000000000000000000000000000000FB
:10E5200000000000000000000000000000000000EB
:10E5300000000000000000000000000000000000DB
:10E540000000000000000001070F1F3C3838707009
:10E550007070606070707070381C1F0F03000000D6
:10E5600000000000000000000000000000000000AB
:10E57000000000000000000000000000000000009B
:10E58000000000000000000000000000000000008B
:10E59000000000000000000000000000000000007B
:10E5A000000000000000000000000000000000006B
:10E5B000000000000000000000000000000000005B
:10E5C000000000000000000000000000000000004B
:10E5D000000000000000000000000000000000003B
:10E5E000000000000000000000000000000000002B
:10E5F000000000000000000000000000000000001B
:10E60000000000000000000000000000000000000A
:10E610000000000034E60008000000206800000050
:10E62000501D00089CE6000868000020000800005B
:10E63000601D000800000000010203040102030441
:10E640000607080902040608000000000000000098
:10E6500014BA000814BE000814C2000814C600084A
:10E6600014CA000814CE000814D2000814D60008FA
:10E6700014DA000814DE000814E2000800000000AC
:10E680000000000096000000000000000030303064
:0CE6900030000000010500000000000048
:04000005080000ED02
:00000001FF
